kml,distance,centroid_long,centroid_lat
kml_1,0.064520408,114.1436062,22.49842988
kml_2,0.078808784,114.1407488,22.49861916
kml_3,0.385196085,114.1437417,22.49783569
kml_4,0.344775298,114.1461111,22.50018127
kml_5,0.114020265,114.1372311,22.49895696
kml_6,0.354002837,114.1329818,22.49809773
kml_7,0.23980506,114.135704,22.4994667
kml_9,0.161002235,114.1281362,22.49904374
kml_10,0.341384853,114.1248448,22.50004625
kml_11,0.298135999,114.1313269,22.49953137
kml_12,0.149202968,114.1231619,22.49896937
kml_13,0.232719577,114.1334125,22.50018045
kml_14,0.079086959,114.1403552,22.50019494
kml_15,0.159670285,114.1462514,22.50077816
kml_16,0.159205438,114.1295842,22.50049933
kml_17,0.159561292,114.1400497,22.50157217
kml_18,0.636790354,114.1375171,22.50283473
kml_19,0.00663814,114.1336131,22.50133084
kml_20,0.023360629,114.1337237,22.50126532
kml_21,0.066942498,114.1463993,22.50168132
kml_22,0.093588778,114.1270618,22.50224249
kml_23,0.222328787,114.1429755,22.50190716
kml_24,0.17679491,114.1411436,22.50188333
kml_25,0.144515722,114.1287081,22.50222287
kml_26,0.202288393,114.1452367,22.5021151
kml_27,0.083314846,114.1254201,22.50264144
kml_28,0.115228013,114.1333081,22.50180313
kml_29,0.037797464,114.1330941,22.50225061
kml_30,0.0352587,114.1266267,22.50267961
kml_31,0.093824841,114.1328041,22.50231045
kml_32,0.282451522,114.1251561,22.50381143
kml_33,0.223770106,114.1312241,22.50381832
kml_34,0.098585156,114.1297638,22.50323967
kml_35,0.071239674,114.1247118,22.50301447
kml_36,0.18279953,114.1483811,22.50257716
kml_37,0.296024277,114.1237761,22.5015493
kml_38,0.050005395,114.1240309,22.50321329
kml_39,0.089812816,114.1302435,22.50368735
kml_40,0.21503792,114.1217554,22.50416991
kml_41,0.039247939,114.1303592,22.50409674
kml_42,0.182916562,114.1256088,22.50485715
kml_43,0.497761097,114.1285977,22.50646427
kml_44,0.081449963,114.1248961,22.50499091
kml_45,0.134705296,114.1205197,22.5052137
kml_46,0.087879927,114.1252742,22.50546624
kml_47,0.019552996,114.1249331,22.50516434
kml_48,0.077631832,114.1244762,22.50554448
kml_49,0.027114035,114.1205085,22.50579472
kml_50,0.13599956,114.1260177,22.50640046
kml_51,0.091289862,114.1180875,22.50658646
kml_52,0.101561981,114.1234175,22.50642069
kml_53,0.065406869,114.1178032,22.50740631
kml_54,0.030759888,114.1176497,22.50790797
kml_55,0.177013503,114.1171082,22.5089592
kml_56,0.001576087,114.117324,22.50860657
kml_57,0.085325536,114.1264328,22.50923544
kml_58,0.001520666,114.116844,22.50941984
kml_59,0.099522465,114.126607,22.5099791
kml_60,0.31960233,114.1158835,22.51095243
kml_61,0.090322723,114.1266013,22.51093908
kml_62,0.222982623,114.111181,22.51123763
kml_63,0.080906993,114.1128123,22.51206739
kml_64,0.064305628,114.1259017,22.51219328
kml_65,0.178900556,114.1138877,22.51255818
kml_66,0.087230259,114.1722374,22.4582629
kml_67,0.128041529,114.178206,22.4589555
kml_68,0.20529617,114.1786156,22.45891458
kml_69,0.856924264,114.1850729,22.46104295
kml_70,0.039930162,114.1807448,22.45918423
kml_71,0.372396321,114.1826672,22.45966882
kml_72,0.008407829,114.1798494,22.45921929
kml_73,0.566939316,114.2004392,22.45966156
kml_74,0.44021424,114.1965865,22.45978061
kml_75,0.03108437,114.1789748,22.45928526
kml_76,0.02449851,114.1792868,22.45929183
kml_77,0.12861922,114.1462969,22.45987389
kml_78,0.038535869,114.1470438,22.46002908
kml_79,0.164320319,114.1474122,22.46070003
kml_80,0.003127722,114.1838957,22.46073719
kml_81,0.11708137,114.1841301,22.46106812
kml_82,0.189681211,114.193332,22.46108909
kml_83,0.084550163,114.191214,22.46182359
kml_84,0.260604107,114.2045664,22.460871
kml_85,0.052932666,114.2055412,22.46210685
kml_86,0.209330133,114.1891823,22.46208695
kml_87,0.004061293,114.2057474,22.46229196
kml_88,0.157475523,114.2063114,22.4626114
kml_89,0.176471126,114.1877935,22.46233403
kml_90,0.00305319,114.1868043,22.46230618
kml_91,0.010426207,114.1867629,22.46232792
kml_92,0.241357634,114.207451,22.46399784
kml_93,0.052376539,114.2083877,22.46529747
kml_94,0.28696519,114.2088053,22.46671533
kml_95,0.047674141,114.2089706,22.46823204
kml_96,0.35823241,114.2200024,22.47066881
kml_97,0.565489146,114.2167743,22.47192434
kml_98,0.27117978,114.2331755,22.47080165
kml_99,0.055678347,114.211257,22.47108999
kml_100,0.33510125,114.2232472,22.47151309
kml_101,0.037447977,114.2116247,22.47145067
kml_102,0.129722046,114.2331989,22.47249642
kml_103,0.063741415,114.2260726,22.47178463
kml_104,0.094242512,114.2270005,22.47185173
kml_105,0.139120822,114.2279468,22.47197403
kml_106,0.074760587,114.2120457,22.47190069
kml_107,0.103126916,114.2293768,22.47221225
kml_108,0.02817144,114.2124436,22.47234254
kml_109,0.07322107,114.2300193,22.47235642
kml_110,0.030486928,114.2126107,22.47261545
kml_111,0.062814545,114.214481,22.47370227
kml_112,0.148347153,114.1430961,22.48499607
kml_113,0.496790643,114.1420047,22.4861249
kml_114,0.144467405,114.1452061,22.48536233
kml_115,0.027878427,114.1467282,22.48680554
kml_116,0.144375865,114.1463678,22.48920375
kml_117,0.271684501,114.139683,22.48999643
kml_118,0.499191579,114.1445832,22.4878431
kml_119,0.238387081,114.1415643,22.48824085
kml_120,0.014134245,114.1422045,22.48866041
kml_121,0.009384676,114.1422634,22.48871496
kml_122,0.34417863,114.141081,22.48945331
kml_123,0.123093574,114.1422177,22.49047003
kml_124,0.112021664,114.13367,22.49071548
kml_125,0.161445963,114.1391441,22.49094204
kml_126,0.216494924,114.1459104,22.49093726
kml_127,0.082053959,114.1398414,22.4913108
kml_128,0.20849851,114.1405733,22.49148806
kml_129,0.212707244,114.1351114,22.49232929
kml_130,0.0809882,114.1386998,22.49228859
kml_131,0.005093472,114.1450738,22.49267837
kml_132,0.067446821,114.1452464,22.49295571
kml_133,0.091970855,114.1390102,22.49320318
kml_134,0.075651062,114.1360346,22.49314633
kml_135,0.080635393,114.1366787,22.49305978
kml_136,0.043347536,114.1246795,22.4936565
kml_137,0.354824703,114.145901,22.49453189
kml_138,0.049365605,114.1246804,22.49413594
kml_139,0.283877799,114.1432055,22.49363051
kml_140,0.029874993,114.1419145,22.49434417
kml_141,0.195770848,114.1254389,22.49432068
kml_142,0.065766058,114.1271612,22.49447248
kml_143,0.05961452,114.1277885,22.49476225
kml_144,0.393166353,114.1335192,22.4938433
kml_145,0.114231094,114.1336178,22.49491844
kml_146,0.07503575,114.137916,22.49457298
kml_147,0.080741031,114.1242827,22.49483881
kml_148,0.047696516,114.1375213,22.4949506
kml_149,0.274285291,114.1353902,22.49421187
kml_150,0.031227685,114.1281052,22.49507998
kml_151,0.022215159,114.1283247,22.495381
kml_152,0.042312876,114.1341591,22.49529957
kml_153,0.20671335,114.1332496,22.49596428
kml_154,0.087505933,114.1418446,22.49590005
kml_155,0.334003823,114.1232078,22.49618203
kml_156,0.174863335,114.1253026,22.49616529
kml_157,0.021888279,114.1285069,22.49563192
kml_158,0.188690329,114.1464247,22.49638372
kml_159,0.06444121,114.1397341,22.49595508
kml_160,0.04306425,114.1393165,22.49642223
kml_161,0.295187158,114.1285142,22.49648428
kml_162,0.044629649,114.1323884,22.49633808
kml_163,0.175440021,114.1315553,22.49678174
kml_164,0.250430404,114.1304969,22.49603026
kml_165,0.058311749,114.1447651,22.49653004
kml_166,0.020903546,114.144396,22.49683544
kml_167,0.031693695,114.1441362,22.49707665
kml_168,0.102483401,114.130347,22.49743723
kml_169,0.102478109,114.1416398,22.49680975
kml_170,0.121338018,114.1409879,22.49797224
kml_171,0.079815163,114.1229563,22.49779152
kml_172,0.055714778,114.1299242,22.49759451
kml_173,0.3353997,114.1285805,22.49840062
kml_174,0.160285146,114.138874,22.49707991
kml_175,0.071485978,114.1380422,22.49819028
kml_176,0.512102604,114.1896683,22.45220061
kml_177,9.50416E-05,114.1901539,22.45218128
kml_178,0.560807578,114.1835301,22.45269666
kml_179,0.056712421,114.1612293,22.45305967
kml_180,0.165229804,114.165615,22.45233019
kml_181,0.112363115,114.1659874,22.45342878
kml_182,0.09195363,114.1589347,22.45278328
kml_183,0.039773698,114.1590424,22.45323916
kml_184,0.002816185,114.1614992,22.45328077
kml_185,0.271567386,114.1600096,22.45349291
kml_186,0.206082465,114.1726629,22.45278401
kml_187,0.013896253,114.1623353,22.45346514
kml_188,0.099646829,114.1619871,22.45335269
kml_189,0.067410829,114.1625307,22.45380981
kml_190,0.116187452,114.1632336,22.45429663
kml_191,0.085366531,114.1661978,22.45456185
kml_192,0.010152077,114.1637312,22.45451134
kml_193,0.213529014,114.1646376,22.45499951
kml_194,0.020598582,114.175251,22.45459801
kml_195,0.003636508,114.1752145,22.4546788
kml_196,0.087368565,114.1752436,22.4550926
kml_197,0.04019653,114.174988,22.45474501
kml_198,0.055042434,114.1661702,22.45512
kml_199,0.021347742,114.17747,22.45530247
kml_200,0.26886259,114.1777429,22.45427565
kml_201,0.055776243,114.1774752,22.45559414
kml_202,0.038866743,114.1749797,22.45535541
kml_203,0.003017479,114.1750012,22.45546012
kml_204,0.004719658,114.1752117,22.45545933
kml_205,0.224851891,114.1759363,22.45597813
kml_206,0.200837549,114.1741,22.45559363
kml_207,0.017724857,114.1722831,22.45556028
kml_208,0.024189748,114.165702,22.45556609
kml_209,0.080345931,114.1663552,22.45523331
kml_210,0.005684253,114.1722897,22.45565508
kml_211,0.073023765,114.1724896,22.45569802
kml_212,0.246968623,114.1707665,22.45609894
kml_213,0.376051549,114.1751216,22.45602022
kml_214,0.12834628,114.1785023,22.45649151
kml_215,0.043470378,114.1716044,22.4561185
kml_216,0.020291781,114.1712523,22.45614171
kml_217,0.148845944,114.1701815,22.45656773
kml_218,0.142724683,114.1720469,22.45681694
kml_219,0.020771982,114.1670467,22.45636198
kml_220,0.024587147,114.1673207,22.45653707
kml_221,0.165553141,114.1777677,22.45737088
kml_222,0.054876738,114.1767624,22.45683507
kml_223,0.106866028,114.1775904,22.45814282
kml_224,0.1987995,114.1773009,22.45051586
kml_225,0.013562679,114.1652917,22.45119492
kml_226,0.084215969,114.1650162,22.45097829
kml_227,0.00672449,114.1652247,22.45122873
kml_228,0.560065735,114.1802822,22.45025478
kml_229,0.141659522,114.1921199,22.45158862
kml_230,0.067163359,114.1645364,22.4515871
kml_231,0.182411945,114.163185,22.45209204
kml_232,0.266316574,114.2471559,22.42978731
kml_233,0.525442805,114.2515084,22.43054838
kml_234,0.633737254,114.2062722,22.42809745
kml_235,0.136579907,114.2081229,22.43035191
kml_236,0.197821204,114.2039497,22.43084858
kml_237,0.031726893,114.203016,22.43004814
kml_238,0.162316833,114.2069839,22.43034036
kml_239,0.137929958,114.2056136,22.4303515
kml_240,0.214296787,114.2030913,22.43091848
kml_241,0.30317519,114.2539798,22.43088174
kml_242,0.241393337,114.2015957,22.4318034
kml_243,0.055400173,114.2047708,22.43089177
kml_244,0.032180353,114.2043837,22.43120514
kml_245,0.190923819,114.2039122,22.43167528
kml_246,0.219208008,114.2048944,22.4319488
kml_247,0.132259476,114.2032731,22.43316757
kml_248,0.243702202,114.2040647,22.4332273
kml_249,0.252858556,114.2025031,22.43436008
kml_250,0.24472793,114.2012177,22.43370611
kml_251,2.969574175,114.1908369,22.43957128
kml_252,0.26489232,114.1644947,22.43914383
kml_253,0.310594684,114.1655634,22.44184235
kml_254,0.352655584,114.1668519,22.44086788
kml_255,0.101090963,114.1683479,22.44183551
kml_256,0.311972697,114.1675405,22.4432327
kml_257,0.013123007,114.1715287,22.44418826
kml_258,0.003066474,114.1715306,22.44424172
kml_259,0.257709905,114.1717785,22.44517657
kml_260,0.39211207,114.1770881,22.44723928
kml_261,0.013322792,114.1718809,22.44656713
kml_262,0.167769943,114.1733373,22.4467148
kml_263,0.056967789,114.1707839,22.44704443
kml_264,0.041987017,114.1722625,22.44717198
kml_265,0.066976652,114.1721638,22.44817655
kml_266,0.054221739,114.1728871,22.4484891
kml_267,0.198061594,114.1720912,22.45014906
kml_268,0.18878971,114.17615,22.44986504
kml_269,0.099536193,114.1648301,22.45007667
kml_270,0.050233868,114.1754479,22.45051956
kml_271,0.108209805,114.1641031,22.4502945
kml_272,0.102159705,114.174964,22.44972246
kml_273,0.041968835,114.1756626,22.45070951
kml_274,0.011201196,114.1646857,22.45059806
kml_275,0.121809449,114.1672432,22.45085312
kml_276,0.006190123,114.1675821,22.45089096
kml_277,0.437856894,114.1695471,22.45086451
kml_278,0.238196343,114.174141,22.45069988
kml_279,0.081129686,114.0011905,22.26551309
kml_280,0.259874304,113.9996857,22.26632458
kml_281,0.023919171,113.9982793,22.26674053
kml_282,0.281465078,113.9338393,22.27723517
kml_283,0.610754746,113.9386999,22.27915846
kml_284,0.171205915,113.9325137,22.2788271
kml_285,0.149196289,113.9350322,22.27933072
kml_286,0.216872929,113.9372509,22.27987382
kml_287,0.289303615,113.9415027,22.28327188
kml_288,0.957383967,114.2748599,22.2856458
kml_289,0.62802599,113.9441815,22.28683881
kml_290,0.285135022,113.9411661,22.28675835
kml_291,0.28157808,113.9394994,22.28764456
kml_292,0.069576895,113.9408244,22.28755287
kml_293,0.145224457,113.9366063,22.28968403
kml_294,0.062316029,113.9378315,22.288625
kml_295,0.001945454,113.9375874,22.28885166
kml_296,0.079851811,113.9375174,22.28921385
kml_297,0.033315453,113.9386324,22.28923045
kml_298,0.005101355,113.9367366,22.29053884
kml_299,0.14773448,113.9398609,22.29055789
kml_300,0.238363575,113.9411077,22.29039758
kml_301,0.036566453,113.937962,22.29121469
kml_302,0.191758924,113.939388,22.29135215
kml_303,0.035131125,113.9387049,22.2919251
kml_304,0.020914202,113.9388045,22.29206075
kml_306,0.019930421,113.9388393,22.29203576
kml_307,0.023250954,113.9389302,22.29219999
kml_308,0.013986308,113.9392851,22.29254246
kml_309,0.075723227,113.9397391,22.292946
kml_310,0.326382673,113.9455104,22.29373177
kml_311,0.094359138,113.9411157,22.29352891
kml_312,0.501413828,113.9495772,22.29421896
kml_313,1.140127313,114.2653744,22.29860189
kml_314,0.084854273,113.9521068,22.2956166
kml_315,0.25762338,114.2600073,22.30175402
kml_316,0.242778795,114.2588877,22.30210947
kml_317,0.118360999,114.2613424,22.30179062
kml_318,0.804219797,114.2642071,22.30435555
kml_319,0.078704165,114.2559624,22.30221447
kml_320,0.428034262,114.2546294,22.30244587
kml_321,0.014899356,114.2613713,22.30233455
kml_322,0.007896468,114.2614976,22.3023586
kml_323,0.12881261,114.261622,22.30295323
kml_324,0.371345987,114.2570534,22.30206027
kml_325,0.031747268,114.2611546,22.30252363
kml_326,0.116773605,114.2578127,22.30339308
kml_327,0.052619238,114.2585251,22.30346033
kml_328,0.055791589,114.2588753,22.3038396
kml_329,0.091054065,114.2616103,22.30413762
kml_330,0.115923558,114.2539077,22.30470181
kml_331,0.107088945,114.2589933,22.30459409
kml_332,0.053175919,114.2609359,22.30472134
kml_333,0.063052195,114.2589249,22.30539967
kml_334,0.066045671,114.2548984,22.30513455
kml_335,0.191756642,114.2616244,22.30603213
kml_336,0.238791032,114.255379,22.30618742
kml_337,0.179439693,114.2562372,22.30560382
kml_338,0.152039583,114.2578689,22.30612537
kml_339,0.074538191,114.2638593,22.30609211
kml_340,0.078141566,114.2639894,22.30657516
kml_341,0.06523802,114.258924,22.30612471
kml_342,0.231326591,114.2601918,22.30695452
kml_343,0.308627633,114.2620758,22.30751545
kml_344,0.210340969,114.2554584,22.30852618
kml_345,0.08482503,114.2565579,22.30753927
kml_346,0.005751394,114.2641894,22.3079795
kml_347,0.008513197,114.2642347,22.30795415
kml_348,0.061100487,114.2642469,22.30827204
kml_349,0.022476006,114.2640202,22.30891432
kml_350,0.074601262,114.2637321,22.30916031
kml_351,0.070842114,114.2562268,22.30920088
kml_352,0.059145189,114.2572514,22.30979324
kml_353,0.013245955,114.256419,22.30951451
kml_354,0.166885614,114.2631356,22.31028649
kml_355,0.556049016,114.2570346,22.31186973
kml_356,0.500383686,114.2644931,22.31086076
kml_357,0.399532621,114.2624769,22.31454695
kml_358,0.398458586,114.2659017,22.3128108
kml_359,0.094950935,114.2646288,22.31358754
kml_360,0.009322416,114.267229,22.31381392
kml_361,0.624646456,114.2691803,22.31639911
kml_362,0.131250633,114.2589895,22.31451888
kml_363,0.164916857,114.2666621,22.31428969
kml_364,0.052993767,114.2587453,22.31507651
kml_365,0.192099571,114.2599723,22.31519257
kml_366,0.394771758,114.2626883,22.3139062
kml_367,0.009410896,114.2609619,22.31509963
kml_368,0.00925571,114.2611895,22.31539244
kml_369,0.151171282,114.2611431,22.31577941
kml_370,0.008682871,114.2577978,22.31638056
kml_371,0.105072711,114.2586601,22.31569758
kml_372,0.04283022,114.2579753,22.31653911
kml_373,0.409319264,114.2568292,22.31823689
kml_374,0.160076252,114.2617591,22.31723856
kml_375,0.005285717,114.2608423,22.31712885
kml_376,0.224469023,114.2598429,22.31694608
kml_377,0.133673611,114.2627749,22.31748136
kml_378,0.054173124,114.2623171,22.31804391
kml_379,0.01108122,114.2682312,22.31791077
kml_380,0.279756869,114.2669598,22.31859995
kml_381,0.122078605,114.2611894,22.3176656
kml_382,0.052699402,114.2685469,22.31828172
kml_383,0.259237377,114.2632113,22.3189773
kml_384,0.078439764,114.2617003,22.31827708
kml_385,0.251806082,114.2621738,22.32039796
kml_387,0.078764691,114.2659469,22.31933774
kml_388,0.087880643,114.2564885,22.32048754
kml_389,0.251602412,114.2554987,22.3217211
kml_390,0.096474248,114.2579719,22.32082483
kml_391,0.051973158,114.2542372,22.32225239
kml_392,0.056099459,114.2600332,22.32288253
kml_393,0.160581018,114.260782,22.32236172
kml_394,0.012141693,114.260465,22.3226605
kml_395,0.010437287,114.2605414,22.32265959
kml_396,0.090975863,114.2550848,22.32323781
kml_397,0.069375404,114.2608037,22.32302138
kml_398,0.013502528,114.2602068,22.32296292
kml_399,0.042128421,114.2601086,22.32310246
kml_400,0.103979462,114.258209,22.32523291
kml_401,0.263257985,114.2590339,22.32470587
kml_402,0.094194176,114.2590048,22.32593811
kml_403,0.128651356,114.257475,22.32654043
kml_404,0.493640645,114.2521348,22.3247158
kml_405,0.355197658,114.2526779,22.32639193
kml_406,0.149497129,114.2511402,22.32680132
kml_407,0.17847478,114.2561696,22.32695405
kml_408,0.320270618,114.1730963,22.36347378
kml_409,0.130617459,114.1752076,22.36547439
kml_410,0.003513971,114.1757236,22.36715894
kml_411,0.036892022,114.1759295,22.36720869
kml_412,0.12349767,114.1752601,22.36725962
kml_413,0.26144948,114.1764514,22.36776657
kml_414,0.157503147,114.1806584,22.36840503
kml_415,0.475007245,114.1831981,22.36931174
kml_416,0.149399841,114.178577,22.36885752
kml_417,0.07271146,114.1795443,22.36923993
kml_418,0.117357368,114.1795886,22.37019473
kml_419,0.155327079,114.1823771,22.37144699
kml_420,0.165782849,114.1779779,22.37213111
kml_421,0.077156271,114.1791033,22.37196463
kml_422,0.14446747,114.1803961,22.37225087
kml_423,0.050565452,114.1818369,22.37239464
kml_424,0.022809401,114.1820005,22.3726826
kml_425,0.170483448,114.1862851,22.37269259
kml_426,0.281090342,114.183506,22.37414335
kml_427,0.078154106,114.1771447,22.37318344
kml_428,0.038970921,114.182145,22.37378349
kml_429,0.005063143,114.1822052,22.37385372
kml_430,0.006598255,114.1822253,22.37388159
kml_431,0.17512352,114.1814547,22.37394082
kml_432,0.007118072,114.1822391,22.37385338
kml_433,0.190171597,114.1832417,22.37443458
kml_434,0.156433544,114.1904332,22.37450213
kml_435,0.028183117,114.1806841,22.37444463
kml_436,0.038803539,114.1772173,22.37447051
kml_437,0.11131247,114.1758444,22.37493545
kml_438,0.171054811,114.1799033,22.3743512
kml_439,0.034399355,114.1803492,22.37473617
kml_440,0.052755088,114.18105,22.37457216
kml_441,0.599210251,114.1832607,22.37542583
kml_442,0.030114643,114.1803586,22.37464006
kml_443,0.014142211,114.1804807,22.37478498
kml_444,0.055660555,114.1839576,22.37481614
kml_445,0.288731339,114.1797553,22.37599423
kml_446,0.055252594,114.1809678,22.37482034
kml_447,0.059019075,114.1846932,22.37512112
kml_448,0.037550756,114.1807089,22.37503279
kml_449,0.009118358,114.1808131,22.37505116
kml_450,0.00126087,114.180793,22.37509279
kml_451,0.049411508,114.1809826,22.37522186
kml_452,0.065707124,114.1851745,22.37508422
kml_453,0.19982279,114.185689,22.37553278
kml_454,0.055229203,114.1811531,22.37526576
kml_455,0.321851392,114.1820988,22.3762098
kml_456,0.106554155,114.1889866,22.37582604
kml_457,0.069222176,114.175264,22.37601083
kml_458,0.041466856,114.1868898,22.37602581
kml_459,0.133334663,114.190803,22.37761496
kml_460,0.121438604,114.1931681,22.37622346
kml_461,0.228125048,114.1929018,22.37731479
kml_462,0.077399799,114.176441,22.37691135
kml_463,0.008922322,114.179878,22.37683475
kml_464,0.107883677,114.1807012,22.37700695
kml_465,0.067693244,114.1787013,22.37714987
kml_466,0.191972389,114.1947678,22.37735317
kml_467,0.062478673,114.1798129,22.37720434
kml_468,0.088172112,114.1866039,22.37770647
kml_469,0.268596284,114.1880757,22.3776811
kml_470,0.762398038,114.1711704,22.37715922
kml_471,0.075913775,114.1818027,22.37773735
kml_472,0.139016056,114.1725076,22.37785821
kml_473,0.055874362,114.1822834,22.37768372
kml_474,0.16692641,114.1806227,22.37770087
kml_475,0.011001926,114.1827245,22.3777937
kml_476,0.012888573,114.1826853,22.37787252
kml_477,0.05405466,114.179672,22.37804878
kml_478,0.213570896,114.1918935,22.3787055
kml_479,0.377657993,114.2027761,22.37830111
kml_480,0.034907565,114.1732389,22.37810834
kml_481,0.089689897,114.1737358,22.37846857
kml_482,0.013348032,114.1792971,22.37820568
kml_483,0.791519968,114.176367,22.37984638
kml_484,0.093442646,114.2004347,22.37813558
kml_485,0.275835304,114.2004704,22.37967129
kml_486,0.131780158,114.1849536,22.37845364
kml_487,0.070335127,114.1994114,22.3784366
kml_488,0.045121066,114.1959678,22.37820363
kml_489,0.008274084,114.1991438,22.37855036
kml_490,0.180712199,114.1983793,22.37875343
kml_491,0.522099504,114.1866722,22.38016092
kml_492,0.003729704,114.1736961,22.3788054
kml_493,0.080237989,114.1736097,22.37907924
kml_494,0.163275773,114.1954659,22.37973811
kml_495,0.012752458,114.1735895,22.37971749
kml_496,0.003757452,114.1736173,22.37974638
kml_497,0.17421327,114.2039065,22.38001705
kml_498,0.005596869,114.1935436,22.380425
kml_499,0.041928234,114.1936648,22.38063122
kml_500,0.077561067,114.2011276,22.38064116
kml_501,0.225026298,114.1912883,22.38062231
kml_502,0.045714151,114.2006093,22.38077068
kml_503,0.240702829,114.2010723,22.38159868
kml_504,0.043047467,114.2070949,22.38100087
kml_505,0.008133144,114.1938787,22.38078411
kml_506,0.164681379,114.1956256,22.38261527
kml_507,0.103741393,114.2000939,22.3807933
kml_508,0.236530355,114.2007958,22.38208447
kml_509,0.019608545,114.203233,22.38088657
kml_510,0.069131024,114.2029454,22.38126751
kml_511,0.214442016,114.2061352,22.38188528
kml_512,0.090673411,114.2020696,22.38116106
kml_513,0.092632598,114.1921246,22.38143965
kml_514,0.040183333,114.2027701,22.38194038
kml_515,0.069002789,114.2031716,22.38230911
kml_516,0.109247913,114.1929362,22.38223902
kml_517,0.155609774,114.2138925,22.3827131
kml_518,0.321968431,114.2044571,22.38353117
kml_519,0.03771082,114.2012097,22.38284678
kml_520,0.002261113,114.2013968,22.38281074
kml_521,0.149345161,114.2017885,22.38251244
kml_522,0.5285143,114.2014861,22.38606175
kml_523,0.040579222,114.204793,22.38312504
kml_524,0.193214321,114.2097458,22.38364819
kml_525,0.150167217,114.1902993,22.38398239
kml_526,0.087706481,114.1896779,22.38414191
kml_527,0.662262945,114.1948628,22.38969937
kml_528,0.225045735,114.194506,22.38388007
kml_529,0.115831941,114.2060766,22.38507525
kml_530,0.201599376,114.2089227,22.38457974
kml_531,0.118289734,114.2079134,22.38655643
kml_532,0.432528704,114.2011909,22.38502524
kml_533,0.003771848,114.206872,22.38648681
kml_534,0.396058952,114.2056416,22.38765721
kml_535,0.253413196,114.2089062,22.38742291
kml_536,0.006446739,114.199923,22.38704008
kml_537,0.11699714,114.2014272,22.38856549
kml_538,0.463551992,114.1971374,22.38668678
kml_539,0.191339692,114.1989101,22.38802168
kml_540,0.033496239,114.1987643,22.38843544
kml_541,0.01476169,114.1985365,22.38878807
kml_542,0.737868049,114.209497,22.39241043
kml_543,0.343334254,114.2043709,22.39131607
kml_544,0.17598365,114.1967034,22.39270629
kml_545,0.081902633,114.2077831,22.39102776
kml_546,0.140314653,114.2003748,22.39025832
kml_547,1.751303689,114.2062321,22.39635028
kml_548,0.020325585,114.2073193,22.39141753
kml_549,0.04465235,114.2057881,22.39245167
kml_550,0.57462421,114.2069885,22.39440101
kml_551,0.187968046,114.1970529,22.39462224
kml_552,0.462675151,114.1997875,22.39785332
kml_553,0.487699595,114.2103102,22.39695629
kml_554,0.014460758,114.2002564,22.39932998
kml_555,0.297752227,114.2030357,22.40257825
kml_556,0.385265982,114.2135841,22.40121584
kml_557,0.402993383,114.2105066,22.40523187
kml_558,0.588348891,114.2173832,22.40501778
kml_559,0.204839028,114.2196398,22.4040586
kml_560,0.030907758,114.2208382,22.4048015
kml_561,0.093841919,114.221185,22.40510126
kml_562,0.173832147,114.2203329,22.40534665
kml_563,0.109810643,114.2220256,22.40599004
kml_564,0.079734209,114.2192666,22.40635087
kml_565,0.285375633,114.2208879,22.40666846
kml_566,0.213611904,114.2230715,22.40746622
kml_567,0.734268244,114.220451,22.40895252
kml_568,0.525003209,114.2111219,22.40988234
kml_569,0.153517373,114.213195,22.40959353
kml_570,0.450230014,114.2258507,22.41189947
kml_571,0.012398473,114.2128567,22.41003517
kml_572,0.016503841,114.2128102,22.41014986
kml_573,0.024443347,114.2127643,22.41013936
kml_574,0.024329504,114.2129276,22.41039506
kml_575,0.025171849,114.2129443,22.41035762
kml_576,0.273776304,114.2135227,22.41124974
kml_577,0.091924239,114.2232448,22.41091543
kml_578,0.033652145,114.2233777,22.41162117
kml_579,0.110570148,114.2102987,22.41227268
kml_580,0.10720389,114.2103627,22.41229099
kml_581,0.052470503,114.223356,22.41201705
kml_582,0.013396204,114.2235016,22.41240671
kml_583,0.037794891,114.2219413,22.41283353
kml_584,0.082182176,114.2232092,22.41253561
kml_585,0.31457004,114.2239442,22.41357619
kml_586,0.081367807,114.2144011,22.41436561
kml_587,0.030321563,114.2219935,22.41310731
kml_588,0.215388168,114.2222789,22.41407426
kml_589,0.059922077,114.2283135,22.41455138
kml_590,0.298430771,114.2272546,22.41527896
kml_591,0.213700413,114.2290543,22.41510822
kml_592,0.04895449,114.2257867,22.41504121
kml_593,0.07312962,114.2139734,22.41630842
kml_594,0.150671945,114.2251784,22.41681942
kml_595,0.064252541,114.2318799,22.41717592
kml_596,0.189829747,114.2308638,22.41692873
kml_597,0.031829067,114.2312999,22.41727326
kml_598,0.003956519,114.2311488,22.41735146
kml_599,0.020307913,114.2311991,22.41743739
kml_600,0.219683807,114.2302963,22.41781398
kml_601,0.085214744,114.2294869,22.41950482
kml_602,0.45600175,114.2135422,22.42093114
kml_603,0.421634181,114.2272397,22.41873353
kml_604,0.255109289,114.2250685,22.42005696
kml_605,0.15696763,114.2266142,22.42047978
kml_606,0.261606631,114.2305303,22.42167251
kml_607,0.630456495,114.223203,22.41752527
kml_608,0.578309061,114.2250547,22.42305969
kml_609,0.15796458,114.2271892,22.4220728
kml_610,0.147541157,114.2314389,22.42224279
kml_611,0.2065686,114.2326933,22.42238775
kml_612,0.140356288,114.2303534,22.42290018
kml_613,0.149139571,114.2281398,22.42350095
kml_614,0.064311635,114.2296213,22.42352629
kml_615,0.1570647,114.233876,22.4239755
kml_616,0.467073568,114.2120173,22.42757904
kml_617,0.015605074,114.2294464,22.42375455
kml_618,0.014433935,114.228514,22.42382291
kml_619,0.181056181,114.2307979,22.42424138
kml_620,0.163979632,114.2322996,22.42465964
kml_621,0.289993366,114.2277588,22.42445114
kml_622,0.954173879,114.229671,22.42719846
kml_623,0.132575928,114.2356141,22.4251774
kml_624,0.444034468,114.2023119,22.42826287
kml_625,0.166366739,114.2088609,22.42921873
kml_626,0.103010315,114.2418161,22.42899148
kml_627,0.311273147,114.2468954,22.42937188
kml_628,0.015961412,114.242535,22.42966749
kml_629,0.258783869,114.2065993,22.43143362
kml_630,0.065332682,114.2089006,22.42979909
kml_631,0.083238884,113.9365082,22.28861865
kml_632,0.052279992,113.9389484,22.28918691
kml_633,0.087875582,113.9468528,22.28882296
kml_634,0.102540641,113.9462646,22.28909584
kml_635,0.09707385,113.9450362,22.28896819
kml_636,0.190018981,113.9434245,22.28927665
kml_637,0.115872524,113.9328669,22.27814127
kml_638,0.071568317,113.934724,22.27892214
kml_640,0.008363665,114.2555038,22.30718753
kml_641,0.062886992,114.1901238,22.38450238
kml_642,0.003576396,114.2008418,22.38069466
kml_643,0.067408689,114.1998005,22.38697227
kml_644,0.216501432,114.1803002,22.37592916
kml_645,0.021741283,114.1856484,22.3734064
kml_646,0.308778068,114.2085432,22.38174188
kml_647,0.145775981,114.2074423,22.38598495
kml_648,0.061026456,114.2042763,22.38995469
kml_649,0.048858789,114.2032933,22.38948786
kml_650,0.011742933,114.2421342,22.42760926
kml_651,0.129655549,114.191809,22.37534283
kml_652,0.025147783,114.1985529,22.38820862
kml_653,0.24385331,114.2135083,22.40272394
kml_654,0.231287259,114.2104481,22.4063854
kml_655,0.023771232,114.2206344,22.40461507
kml_656,0.038507828,114.137718,22.49198013
kml_657,0.095995817,114.144784,22.49264509
kml_658,0.168872468,114.1267192,22.50813872
kml_659,0.131547955,114.1315665,22.49551761
kml_660,0.137768368,114.1648146,22.45474808
kml_661,0.004329353,114.1658308,22.45554305
kml_662,0.058093602,114.166162,22.45572015
kml_663,0.028574706,114.1664935,22.45593468
kml_664,0.02475469,114.1667854,22.45618184
kml_665,0.086674862,114.1679,22.45693229
kml_666,0.146663972,114.1691062,22.45703078
kml_667,0.033077716,114.1720038,22.45634944
kml_668,0.00897379,114.1715767,22.44422235
kml_669,0.086999206,114.171907,22.44881489
kml_670,0.044140893,114.1755504,22.45049556
kml_671,0.017390544,114.175294,22.45028628
kml_672,0.220229354,114.1855864,22.46213419
kml_673,0.037758128,114.2054654,22.46183195
kml_674,0.00352552,114.2053791,22.46178718
kml_675,0.335619235,114.2096348,22.46942019
kml_676,0.106653176,114.2129497,22.47316865
kml_677,0.097092488,114.2137671,22.47376493
kml_678,0.278319532,114.2319191,22.47279017
kml_679,0.136637367,114.2664539,22.30471386
kml_680,0.006387619,114.266287,22.3045061
kml_681,0.277023961,114.2448955,22.42980683
kml_682,0.200927918,114.2734447,22.29074952
kml_683,0.080610126,114.1740069,22.37692226
kml_684,0.197730017,114.1979396,22.38499557
kml_685,0.093315405,114.1255901,22.49920184
kml_686,0.024464419,114.1697945,22.44286476
kml_687,0.00329157,114.1719103,22.44923158
kml_688,0.002492919,114.1731513,22.44850027
kml_689,0.007833877,114.1731887,22.4484893
kml_690,0.001734347,113.936612,22.28900198
kml_691,0.003753844,113.9375607,22.28884683
kml_692,0.026653338,114.2584914,22.32541644
kml_693,0.008344743,114.2588121,22.31433745
kml_694,0.010169012,114.2640343,22.3129763
kml_695,0.020064658,114.2643177,22.3132399
kml_696,0.00442735,114.2619691,22.3185638
kml_697,0.004737805,114.262399,22.31831308
kml_698,0.174002825,114.1970777,22.39035091
kml_699,0.001643424,114.1994597,22.38661317
kml_700,0.002045052,114.1838424,22.37473439
kml_701,0.00062323,114.1844991,22.37502845
kml_702,0.001842926,114.1867933,22.37597063
kml_703,0.002000395,114.1960083,22.38302858
kml_704,0.001924447,114.1984499,22.3881139
kml_705,0.001905579,114.1986098,22.38828262
kml_706,0.002020613,114.2042112,22.39015029
kml_707,0.003909436,114.1924826,22.38182628
kml_708,0.002376041,114.1924683,22.38182538
kml_709,0.003966779,114.2096497,22.38393397
kml_710,0.002874912,114.2077978,22.38554453
kml_711,0.002349279,114.2126145,22.40344214
kml_712,0.003867623,114.2221736,22.41368232
kml_713,0.002331912,114.2209399,22.40487803
kml_714,0.001573219,114.2207229,22.40468496
kml_715,0.003459568,114.2293984,22.42368871
kml_716,0.00394852,114.197007,22.39313508
kml_717,0.004299393,114.1970116,22.39315378
kml_718,0.002169366,114.12939,22.50558226
kml_719,0.002239033,114.1274415,22.5075362
kml_720,0.001555899,114.1271057,22.49929879
kml_721,0.002694896,114.1270192,22.49890204
kml_722,0.003333239,114.1443237,22.49280739
kml_723,0.006134749,114.1664612,22.45559794
kml_724,0.002146343,114.1716166,22.44421482
kml_725,0.003883937,114.1719827,22.45644557
kml_726,0.056512784,114.2582784,22.32571466
kml_727,0.011942277,114.2585097,22.32556028
kml_729,0.01630732,114.2562187,22.32038368
kml_730,0.051621304,114.14265,22.48961356
kml_731,0.037953646,114.2612798,22.31676597
kml_732,0.088390866,113.9531723,22.29705966
kml_733,0.140945645,113.9520352,22.29675634
kml_734,0.013568402,114.1911393,22.37793248
kml_735,0.037619208,114.1871529,22.37285351
kml_736,0.040606259,114.1935164,22.38282691
kml_737,0.018860919,113.9521944,22.29501727
kml_738,0.021759542,114.2079158,22.3854548
kml_739,0.010665011,114.2045405,22.43106721
kml_740,0.006606591,114.2061945,22.43014476
kml_741,0.159228149,114.1297137,22.50004881
kml_742,0.024509434,114.1471855,22.48609572
kml_743,0.032351177,114.1469843,22.49711515
kml_744,0.120586772,114.1715238,22.4540166
kml_745,0.106729692,114.1701349,22.45393108
kml_746,0.010190752,114.1720005,22.45407721
kml_747,0.008776605,114.1942174,22.38050211
kml_748,0.040452426,114.1975148,22.39389432
kml_749,0.22565734,114.2103946,22.38048433
kml_750,0.044550747,114.2004691,22.39961706
kml_751,0.042540242,114.2096668,22.3964372
kml_752,0.074601565,114.213767,22.41540893
kml_753,0.100824696,114.2412856,22.42781102
kml_754,0.095340983,114.2388449,22.42596414
kml_755,0.065157943,114.2322938,22.42138176
kml_756,0.040184394,114.232125,22.41895098
kml_757,0.037894816,114.2294121,22.41842914
kml_758,0.065175013,114.1452792,22.4960901
kml_759,0.010267578,114.1456198,22.49579389
kml_760,0.044693733,114.1395439,22.49308301
kml_761,0.006878287,114.1393632,22.49292215
kml_762,0.007568801,114.1386546,22.49350516
kml_763,0.047546891,114.1334582,22.5010887
kml_764,0.115835209,114.1282792,22.50125144
kml_765,0.010470553,114.1287391,22.50084014
kml_766,0.063175852,114.1276292,22.50176495
kml_767,0.010383986,114.1237078,22.50331291
kml_768,0.017125967,114.1243038,22.5031519
kml_769,0.045776467,114.1261022,22.50228321
kml_770,0.038868113,114.1264478,22.50213667
kml_771,0.034663433,114.1464734,22.48835549
kml_772,0.07314727,114.1267287,22.49897058
kml_773,0.018345768,114.1262569,22.49905505
kml_775,0.134385421,114.2564894,22.30312583
kml_776,0.310591564,114.2546723,22.30306318
kml_777,0.095356734,114.2599985,22.30469455
kml_778,0.195124947,114.2625627,22.30562306
kml_779,0.114253237,114.2618038,22.31208425
kml_780,0.320216429,114.2602055,22.31384724
kml_781,0.034340246,114.2565641,22.30951676
kml_782,0.009598736,114.2567911,22.30961931
kml_783,0.032660603,114.2560226,22.30735696
kml_784,0.168142911,114.2545805,22.30690596
kml_785,0.230996711,114.2528142,22.30588705
kml_786,0.052467273,114.2533437,22.30499842
kml_787,0.129277351,114.2539671,22.3051239
kml_788,0.107866803,114.2686769,22.31931454
kml_789,0.038543524,114.2657278,22.31867773
kml_790,0.137493652,114.2649933,22.31893971
kml_791,0.00992446,114.2653433,22.31891011
kml_792,0.069383566,114.2586412,22.31701554
kml_793,0.051118898,114.2579819,22.31623677
kml_794,0.561707997,114.260129,22.31928524
kml_795,0.03549866,114.2597863,22.3195215
kml_796,0.084316122,114.2621301,22.31892083
kml_797,0.01227975,114.2573813,22.32456412
kml_798,0.049005641,114.2579729,22.3256023
kml_799,0.043550084,114.2580288,22.32599494
kml_800,0.328671693,114.2563543,22.32418812
kml_801,0.004490152,114.2515361,22.32591963
kml_802,0.00816916,114.1300796,22.50005072
kml_803,0.010900411,114.1242951,22.50064863
kml_804,0.104990387,114.1474701,22.48687939
kml_805,0.082845539,114.1470721,22.48650541
kml_806,0.30685901,114.1752648,22.44632006
kml_807,0.078066993,114.1774499,22.44947948
kml_808,0.07687717,114.1649662,22.43984241
kml_809,0.19317037,114.1492815,22.46348114
kml_810,0.009092955,114.1792343,22.37816811
kml_811,0.006705658,114.1804725,22.37486822
kml_812,0.022255875,114.1805488,22.37463793
kml_813,0.05474765,114.179298,22.37723168
kml_814,0.025156787,114.1799933,22.37686785
kml_815,0.020268627,114.1844359,22.37501424
kml_816,0.004552088,114.1854184,22.37861543
kml_817,0.085333595,114.1861284,22.3787709
kml_818,0.295386555,114.1908506,22.38603047
kml_819,0.023675177,114.1916239,22.38709945
kml_820,0.042793035,114.1955203,22.39645742
kml_821,0.014683858,114.1894349,22.37859716
kml_822,0.012360896,114.1893484,22.3785058
kml_823,0.018250471,114.1895404,22.37870841
kml_824,0.052427617,114.1898364,22.37900879
kml_825,0.011485132,114.1899882,22.37914476
kml_826,0.06470054,114.1902321,22.3794026
kml_827,0.008753124,114.1904669,22.379651
kml_828,0.003793912,114.1918659,22.38116798
kml_829,0.023909572,114.1951352,22.38454316
kml_830,0.045981008,114.1953812,22.38480124
kml_831,0.012500777,114.1984438,22.38889614
kml_832,0.15036661,114.1994428,22.38918405
kml_833,0.016252181,114.1998216,22.3895598
kml_834,0.092226596,114.2008801,22.39097593
kml_835,0.00640245,114.2006673,22.3906618
kml_836,0.025688506,114.201251,22.39137173
kml_837,0.010101378,114.2014645,22.39139078
kml_838,0.015338556,114.212856,22.42286542
kml_839,0.007912078,114.2127639,22.42282269
kml_840,0.005189135,114.1894998,22.37624989
kml_841,0.210966469,114.2056241,22.37964018
kml_842,0.035327634,114.2044534,22.37927255
kml_843,0.024432285,114.1896781,22.3764361
kml_844,0.062619248,114.189944,22.37673493
kml_845,0.013041155,114.1901957,22.37698256
kml_846,0.003486876,114.1910873,22.37794534
kml_847,0.007199982,114.1911049,22.37798885
kml_848,0.134210358,114.1931247,22.37996688
kml_849,0.013290826,114.1926005,22.37942823
kml_850,0.005544277,114.1935016,22.38040928
kml_851,0.006386205,114.1938243,22.38078989
kml_852,0.003827713,114.1938568,22.38082316
kml_853,0.007360391,114.1935152,22.38045688
kml_854,0.148649128,114.1944845,22.38141465
kml_855,0.01254571,114.1949178,22.38182666
kml_856,0.004513378,114.1959827,22.38302698
kml_857,0.013372802,114.1960495,22.38307844
kml_858,0.172399336,114.1967149,22.38370969
kml_859,0.014717039,114.197289,22.384292
kml_860,0.08270002,114.1991852,22.38628402
kml_861,0.004484113,114.1986074,22.38569839
kml_862,0.034917772,114.1987529,22.38581689
kml_863,0.015681296,114.1989252,22.38597313
kml_864,0.154664012,114.2004157,22.38754107
kml_865,0.016328918,114.2010109,22.38809208
kml_866,0.0400975,114.2024584,22.3892572
kml_867,0.01962302,114.2019017,22.38900078
kml_868,0.019597656,114.2020219,22.38906891
kml_869,0.012775238,114.2021886,22.38913769
kml_870,0.087461873,114.2039283,22.38929228
kml_871,0.055662483,114.200605,22.38662304
kml_872,0.12505136,114.2118413,22.40798085
kml_873,0.041693721,114.2124663,22.4087254
kml_874,0.01013431,114.2123007,22.40855005
kml_875,0.091858838,114.2138452,22.41304124
kml_876,0.007315234,114.2136784,22.41264702
kml_877,0.007318207,114.2140504,22.41347146
kml_878,0.056377134,114.2141762,22.41374633
kml_879,0.005293402,114.2142717,22.41399521
kml_880,0.134135515,114.2144259,22.41525026
kml_881,0.00809793,114.2145327,22.41474519
kml_882,0.00842232,114.2141036,22.41592856
kml_883,0.284096031,114.2145668,22.42457699
kml_884,0.019191825,114.2128138,22.42699774
kml_885,0.135030166,114.2133685,22.42651807
kml_886,0.021859711,114.2138626,22.42604272
kml_887,0.005901773,114.2135914,22.41554524
kml_888,0.013799707,114.2294837,22.41918228
kml_889,0.003464786,114.2323258,22.4217016
kml_890,0.508782279,114.2405317,22.43210136
kml_891,0.307756144,114.210949,22.38189859
kml_892,0.037233771,114.1040832,22.50350709
kml_893,0.451952409,114.1056068,22.50443219
kml_894,0.312368619,114.1087972,22.5067441
kml_895,0.210315696,114.1098414,22.50914399
kml_896,0.103465492,114.1104033,22.5102509
kml_897,0.03177946,114.1036197,22.50352216
kml_898,0.022468345,114.103322,22.50353417
kml_899,0.003578921,114.1034483,22.5035342
kml_900,0.032951519,114.1020292,22.50359659
kml_901,0.004142769,114.1018521,22.50359106
kml_902,0.025489407,114.1016769,22.50360418
kml_903,0.0324966,114.1003584,22.50371722
kml_904,0.01481766,114.0998912,22.50377716
kml_905,0.00481909,114.0997974,22.50379374
kml_906,0.026846415,114.099703,22.50379503
kml_907,0.040676826,114.099179,22.50380887
kml_908,0.082728336,114.0982659,22.50392342
kml_909,0.105901475,114.0972743,22.50396655
kml_910,0.068525819,114.0939543,22.50428117
kml_911,0.105202456,114.0930276,22.50452922
kml_912,0.020695523,114.0924017,22.50474609
kml_913,0.051854203,114.0950887,22.50422719
kml_914,0.064068189,114.0957404,22.50412555
kml_915,0.009750301,114.0954353,22.50418393
kml_916,0.004412021,114.0925151,22.50470445
kml_917,0.11447758,114.0916477,22.50492122
kml_918,0.167069825,114.0901847,22.50473053
kml_919,0.023409203,114.1184405,22.50611454
kml_920,0.137977327,114.1192224,22.50596932
kml_921,0.003498514,114.12003,22.50529943
kml_922,0.026961008,114.1201348,22.50520129
kml_923,0.837225783,114.149659,22.48671139
kml_924,0.030355852,114.1548773,22.48059922
kml_925,0.023394298,114.1537073,22.4836814
kml_926,0.460565544,114.1544373,22.48180651
kml_927,0.154924688,114.1552116,22.47926464
kml_928,1.150725165,114.1543604,22.47481446
kml_929,0.489934659,114.1515813,22.46646621
kml_930,0.094719514,114.1490455,22.46007323
kml_931,0.097297234,114.1499673,22.45950899
kml_932,0.183602367,114.1506253,22.45843456
kml_933,0.253232478,114.152057,22.4565094
kml_934,0.096343475,114.1532313,22.45534316
kml_935,0.320192348,114.1555222,22.45404802
kml_936,0.116412321,114.1561585,22.4529091
kml_937,0.427977635,114.1575927,22.4514267
kml_938,0.379318833,114.1685082,22.45662443
kml_939,0.035412064,114.1805165,22.45900331
kml_940,0.02248172,114.1809319,22.45900101
kml_941,0.010491668,114.1807716,22.45900098
kml_942,0.073154593,114.1800217,22.45902608
kml_943,0.086791096,114.0284292,22.44856738
kml_944,0.084581527,114.0288763,22.44914634
kml_945,0.422400626,113.9938636,22.45927116
kml_946,0.24821696,113.9970791,22.45835056
kml_947,0.951952779,114.0297681,22.45647003
kml_948,0.07513052,114.0052036,22.45775339
kml_949,0.072010234,114.023451,22.45793591
kml_950,0.063947863,113.9910674,22.4577805
kml_951,0.186626138,114.0230083,22.45894475
kml_952,0.076656012,114.0045384,22.45854967
kml_953,0.002759483,114.0040929,22.4585891
kml_954,0.028029069,114.0042061,22.45851845
kml_955,0.040439405,114.0039177,22.45875311
kml_956,0.131476096,113.9980208,22.45816085
kml_957,0.183333887,113.9947789,22.45850755
kml_958,0.02046024,114.0034145,22.45915848
kml_959,0.048292475,113.9975029,22.4591396
kml_960,0.002478383,114.04705,22.4593715
kml_961,0.176694913,113.9990477,22.45907178
kml_962,0.266514567,113.9945935,22.46045712
kml_963,0.035453719,114.003184,22.45943871
kml_964,0.136869476,114.0006972,22.45984959
kml_965,0.012483423,114.0017631,22.45956062
kml_966,0.040387221,114.0015965,22.45985522
kml_967,0.086245162,113.9968819,22.46025865
kml_968,0.007042067,114.0014604,22.46009947
kml_969,0.065829772,114.0028323,22.45999526
kml_970,0.025652795,113.9899195,22.46014507
kml_971,0.021150557,114.0250934,22.46063426
kml_972,0.105480953,113.9967196,22.46097004
kml_973,0.045170561,114.0016294,22.46079949
kml_974,0.069168449,114.0256438,22.46092009
kml_975,0.375668394,113.9975791,22.46159531
kml_976,0.011468184,113.9901213,22.46088522
kml_977,0.119734473,114.0266773,22.46138047
kml_978,0.054592803,114.0021005,22.46141961
kml_979,0.195962669,113.9957763,22.46172527
kml_980,0.048235588,114.0003467,22.46177249
kml_981,0.098509621,114.001027,22.46179184
kml_982,0.084089989,114.0016727,22.4614718
kml_983,0.012582556,114.0005657,22.46182486
kml_984,0.006966474,114.0080731,22.46192945
kml_985,0.003348111,114.0080608,22.46195797
kml_986,0.041944785,114.0078625,22.46199729
kml_987,0.101485345,114.0047013,22.46196342
kml_988,0.100440766,114.0030321,22.46197203
kml_989,0.038818787,114.0052959,22.4619786
kml_990,0.005458072,114.0051942,22.46200298
kml_991,0.038370351,114.0059933,22.46199192
kml_992,0.005434022,114.0061805,22.46202106
kml_993,0.022531694,114.0063335,22.46199956
kml_994,0.005086895,114.006389,22.4620272
kml_995,0.047823072,114.0064997,22.46200388
kml_996,0.005302779,114.0068597,22.46203283
kml_997,0.063240322,114.0070221,22.46201051
kml_998,0.005657174,114.0074749,22.46204609
kml_999,0.018899183,114.0075283,22.46202005
kml_1000,0.005107549,114.0076592,22.46204609
kml_1001,0.066228704,113.9973103,22.46225226
kml_1002,0.210289373,113.9965854,22.46240236
kml_1003,0.099872352,113.9948256,22.46237412
kml_1004,0.109899275,113.9950132,22.46230705
kml_1005,0.099658588,114.0041742,22.46309821
kml_1006,0.048777574,113.9974377,22.46306706
kml_1007,0.165073297,113.9976993,22.46425249
kml_1008,0.478097212,113.9956348,22.46455571
kml_1009,0.082985183,114.0032882,22.46416987
kml_1010,0.452045704,113.9944339,22.46409739
kml_1011,0.111792619,114.0016153,22.46388227
kml_1012,0.059557161,114.0016882,22.46437801
kml_1013,0.153740816,114.0046051,22.46483778
kml_1014,0.048892282,114.0017416,22.46425566
kml_1015,0.036825542,114.0024031,22.46447868
kml_1016,0.042432892,114.0019559,22.46463565
kml_1017,0.07388773,114.0016677,22.46473124
kml_1018,0.149812431,114.0026664,22.46545107
kml_1019,0.334095284,114.0077348,22.46388324
kml_1020,0.005055108,114.0069546,22.46511866
kml_1021,0.187453638,113.99817,22.46550121
kml_1022,0.060752693,114.0067826,22.46521266
kml_1023,0.131109083,114.0001081,22.46527071
kml_1024,0.137874905,114.0053589,22.46596408
kml_1025,0.290222092,113.9995319,22.46736383
kml_1026,0.056545725,113.996718,22.46651438
kml_1027,0.131582008,114.0044262,22.46700721
kml_1028,0.232276466,114.0032469,22.4675407
kml_1029,0.129775586,113.9954902,22.46658353
kml_1030,0.08741514,113.9960629,22.4667375
kml_1031,0.277371272,113.9961468,22.46786906
kml_1032,0.077620927,114.0008892,22.46759646
kml_1033,0.002381737,114.0005954,22.46781523
kml_1034,0.095916608,114.0002884,22.46800917
kml_1035,0.07005877,114.0037115,22.46768377
kml_1036,0.108391579,114.0031699,22.46869439
kml_1037,0.251008369,113.9971107,22.46770781
kml_1038,0.114063978,113.9976241,22.46884118
kml_1039,0.063981879,114.0026091,22.46897109
kml_1040,0.060752283,114.0003841,22.46917284
kml_1041,0.114446575,113.9969229,22.46961553
kml_1042,0.154227914,114.0003103,22.46972375
kml_1043,0.053115436,114.0029161,22.46948134
kml_1044,0.05820042,114.0024159,22.46958574
kml_1045,0.061365476,114.0007286,22.46955575
kml_1046,0.118394651,113.997819,22.46913892
kml_1047,0.234691936,113.9985946,22.47061166
kml_1048,0.189127671,114.0018844,22.47024192
kml_1049,0.113009861,114.0026061,22.47039429
kml_1050,0.112346162,113.9969367,22.4694513
kml_1051,0.092809278,113.997604,22.46979191
kml_1052,0.008750271,113.9972143,22.47006022
kml_1053,0.081592892,113.9974166,22.47057562
kml_1054,0.105756804,114.0014686,22.47074948
kml_1055,0.225366126,114.0009734,22.47189251
kml_1056,0.039436745,113.9992008,22.47150148
kml_1057,0.257489801,114.0011475,22.47206254
kml_1058,0.11282068,113.9997938,22.47199716
kml_1059,0.070806618,114.0066638,22.45233448
kml_1060,0.23890266,113.9994639,22.45324414
kml_1061,0.027151987,114.0015238,22.45225429
kml_1062,0.220752114,113.9981973,22.45271791
kml_1063,0.19940697,114.0280566,22.45285972
kml_1064,0.096896959,114.0022142,22.4525862
kml_1065,0.052855873,114.0063339,22.45293623
kml_1066,0.062140019,114.0012807,22.45251598
kml_1067,0.056178892,113.9947827,22.45245797
kml_1068,0.077076608,114.0032151,22.45311624
kml_1069,0.058977718,114.0010109,22.45293947
kml_1070,0.031143207,113.9964909,22.45334996
kml_1071,0.067570534,113.9962828,22.45320875
kml_1072,0.238424232,113.9972469,22.4528277
kml_1073,0.139820046,114.0046506,22.45381921
kml_1074,0.053124892,114.0037595,22.45366843
kml_1075,0.033055234,113.9941768,22.45389706
kml_1076,0.081407371,114.0489869,22.45438563
kml_1077,0.26558572,114.0010551,22.45484844
kml_1078,0.061863069,114.0059765,22.45358703
kml_1079,0.059103214,114.0033352,22.45427665
kml_1080,0.124811249,114.0006558,22.453543
kml_1081,0.158342351,113.9999108,22.45479376
kml_1082,0.209060598,114.0061982,22.45556004
kml_1083,0.071421025,114.0027404,22.45470606
kml_1084,0.051364098,113.9993323,22.4558411
kml_1085,0.163536492,113.9988105,22.4567623
kml_1086,0.306336455,113.9966564,22.45504924
kml_1087,0.133632037,113.9956319,22.45670392
kml_1088,0.3834083,113.9961012,22.45440932
kml_1089,0.109260514,114.0060154,22.45699978
kml_1090,0.039920978,114.0237985,22.45710412
kml_1091,0.026903694,113.9945086,22.45711823
kml_1092,0.024721244,113.9944237,22.457277
kml_1093,0.078291304,113.9948156,22.45734136
kml_1094,0.071340352,113.994126,22.45773561
kml_1096,0.030900815,113.9950836,22.45764629
kml_1097,0.018887178,113.995466,22.45759573
kml_1098,0.083410053,114.0304578,22.45118485
kml_1099,0.152129877,114.0065881,22.45045746
kml_1100,0.077649477,114.0225714,22.45051572
kml_1101,0.103287887,114.0018134,22.45140165
kml_1102,0.165483347,113.994722,22.45053526
kml_1103,0.116125921,114.0230955,22.45153569
kml_1104,0.135821153,114.0082335,22.45140146
kml_1105,0.122437128,114.0315417,22.45173725
kml_1106,0.551192774,114.049896,22.45038519
kml_1107,0.169642838,113.999013,22.45079384
kml_1108,0.153143594,114.0078838,22.45160207
kml_1109,0.222656581,113.9960469,22.45245979
kml_1110,0.0557379,114.0308751,22.45171982
kml_1111,0.381927751,113.9941074,22.4312982
kml_1112,0.012754717,113.9948283,22.43143548
kml_1113,0.021124062,113.995024,22.43158072
kml_1114,0.066794402,113.9954886,22.43190658
kml_1115,0.073893766,113.9961631,22.43237763
kml_1116,0.027155812,113.9966305,22.43270435
kml_1117,0.22682194,113.9975611,22.43381131
kml_1118,0.151038965,113.9978903,22.43356642
kml_1119,0.059260892,113.9964043,22.43332258
kml_1120,0.176359167,114.0656522,22.43412153
kml_1121,0.17724388,113.9959961,22.43432934
kml_1122,0.38892044,113.999521,22.43466842
kml_1123,0.320387711,113.9926472,22.43256718
kml_1124,0.017690006,113.9983487,22.4345431
kml_1125,0.154448865,113.9937143,22.43465449
kml_1126,0.074869919,113.9947122,22.43474217
kml_1127,0.034349766,113.9981128,22.43484039
kml_1128,0.027509427,113.9955151,22.43501665
kml_1129,0.429768651,113.9954857,22.43586663
kml_1130,0.151641945,113.9966157,22.43540003
kml_1131,0.055416789,113.9976552,22.43542877
kml_1132,0.147613355,114.0676165,22.43589499
kml_1133,0.10479721,113.9918952,22.43638323
kml_1134,0.344879182,114.0021227,22.43702459
kml_1135,0.050512825,114.000444,22.43613956
kml_1136,0.081640319,114.0292947,22.43646124
kml_1137,0.048259961,113.9971491,22.43605361
kml_1138,0.047035918,114.068162,22.43645673
kml_1139,0.039790341,114.0017786,22.43635827
kml_1140,0.042455164,114.000065,22.43657741
kml_1141,0.107035773,113.9966629,22.43686321
kml_1142,0.058046117,114.063716,22.43676672
kml_1143,0.070242301,113.9997414,22.43709111
kml_1144,0.169322714,114.0138507,22.43654676
kml_1145,0.012976523,114.0135056,22.43685276
kml_1146,0.009869699,114.0135532,22.43686059
kml_1147,0.009546578,114.0135033,22.43690829
kml_1148,0.22244053,114.0125918,22.43737448
kml_1149,0.265450679,114.0697012,22.43826259
kml_1150,0.057157102,114.0028483,22.43709977
kml_1151,0.058051989,113.9916717,22.43705999
kml_1152,0.023007932,114.029669,22.43731869
kml_1153,0.055672069,113.9963287,22.43773587
kml_1154,0.176923929,113.9993053,22.43833184
kml_1155,0.119941881,114.0107125,22.43781786
kml_1156,0.129933925,114.003689,22.43762406
kml_1157,0.06695795,113.9962069,22.43853743
kml_1158,0.064845539,114.0294836,22.43861424
kml_1159,0.092134483,114.004707,22.43825808
kml_1160,0.010852658,114.0138988,22.4384285
kml_1161,0.256469451,114.0132044,22.4383357
kml_1162,0.014290982,114.0139201,22.43848054
kml_1163,0.010856932,114.0139606,22.43843342
kml_1164,0.698122137,114.0158257,22.44093051
kml_1165,0.022731451,114.0052318,22.43858334
kml_1166,0.441150882,114.0067963,22.43997618
kml_1167,0.16523202,114.0059973,22.4390598
kml_1168,0.059377942,114.0295202,22.43929894
kml_1169,0.145137946,114.0704388,22.43973624
kml_1170,0.061061194,113.9990327,22.43990792
kml_1171,0.05166543,114.0072255,22.43981665
kml_1172,0.04282267,114.0580216,22.44008824
kml_1173,0.369899915,114.0595958,22.44067274
kml_1174,0.118881758,114.0571554,22.44013883
kml_1175,0.068174776,114.0562367,22.44037423
kml_1176,0.051735666,114.0556283,22.44062967
kml_1177,0.078622137,114.0549866,22.44094254
kml_1178,0.146791258,114.0700025,22.44059962
kml_1179,0.263547086,114.0093724,22.44156569
kml_1180,0.356996278,114.067396,22.44207619
kml_1181,0.008878131,114.0545281,22.44116738
kml_1182,0.116417526,114.009809,22.44138734
kml_1183,0.578944748,113.9994234,22.44358937
kml_1184,0.063613896,114.0541352,22.44136009
kml_1185,0.044489745,114.0535865,22.4416232
kml_1186,0.449181668,114.0627184,22.44219627
kml_1187,0.024225368,114.0531956,22.44181678
kml_1188,0.060331162,114.0108818,22.44199003
kml_1189,0.079641158,114.0526505,22.44208322
kml_1190,0.249753992,114.0517009,22.4425632
kml_1191,0.276153643,114.0128496,22.4428644
kml_1192,0.004055729,114.0138245,22.44318405
kml_1193,0.060574495,114.0139707,22.4432449
kml_1194,0.12095527,114.049506,22.44369761
kml_1195,0.125247466,114.0140697,22.44360415
kml_1196,0.022282711,114.0459492,22.4438477
kml_1197,0.092457289,114.0455528,22.4438644
kml_1198,0.160399599,114.046335,22.44386052
kml_1199,0.046424707,114.0149518,22.44380303
kml_1200,0.267510876,114.0329038,22.44452913
kml_1201,0.123021326,114.0386309,22.44415503
kml_1202,0.015786071,114.0488153,22.4440475
kml_1203,0.304016551,114.0401715,22.44413467
kml_1204,0.073889968,114.0424362,22.44416
kml_1205,0.167102771,114.0359719,22.44419851
kml_1206,0.1256088,114.0349316,22.44425777
kml_1207,0.131909701,114.0160049,22.4441355
kml_1208,0.015820081,114.0478406,22.4443125
kml_1209,0.022373229,114.0478991,22.44441202
kml_1210,0.219799152,114.0460246,22.44424219
kml_1211,0.039897096,114.0430384,22.44446952
kml_1212,0.195229389,114.0412585,22.44453053
kml_1213,0.022488559,114.0477833,22.44443437
kml_1214,0.165075433,114.039655,22.44452719
kml_1215,0.103734521,114.0367908,22.44457005
kml_1216,0.308948991,114.0341355,22.44475834
kml_1217,0.044683059,114.0164868,22.4444686
kml_1218,0.067190356,114.0170185,22.44484281
kml_1219,0.01741059,114.0171109,22.44531767
kml_1220,0.232101132,114.017733,22.44554196
kml_1221,0.045399069,114.0050097,22.44552688
kml_1222,0.214380375,114.049371,22.44673098
kml_1223,0.001632394,114.0052485,22.44588831
kml_1224,0.188530147,114.0056789,22.44513993
kml_1225,0.038586558,114.0046722,22.44607894
kml_1226,0.002265104,114.0051036,22.44613506
kml_1227,0.031473713,114.0051842,22.44601596
kml_1228,0.050398965,114.0050003,22.44634203
kml_1229,0.087833781,114.000393,22.44624431
kml_1230,0.003356195,114.0007472,22.44621708
kml_1231,0.151698494,114.0012671,22.4462169
kml_1232,0.038836846,114.0026283,22.44613235
kml_1233,0.121507987,114.0320644,22.44599267
kml_1234,0.088754194,114.0312076,22.44665039
kml_1235,0.032534382,114.0195856,22.44648162
kml_1236,0.03305322,114.0026366,22.44647802
kml_1237,0.076605514,113.9972587,22.44650462
kml_1238,0.002441664,114.0027803,22.44658015
kml_1239,0.021687413,114.0028721,22.44662926
kml_1240,0.093754256,114.0203206,22.44690643
kml_1241,0.088045867,114.0039186,22.44705663
kml_1242,0.217997347,114.0301132,22.44766448
kml_1243,0.307299024,114.0490423,22.44665559
kml_1244,0.390534305,114.0161022,22.44727404
kml_1245,0.306743284,113.9995698,22.44849166
kml_1246,0.733628754,114.0112444,22.44885713
kml_1247,0.234888336,114.0498386,22.44818359
kml_1248,0.003296937,114.0046121,22.44789646
kml_1249,0.160155268,114.0044419,22.44765142
kml_1250,0.003674619,114.004621,22.44791165
kml_1251,0.269382463,114.0238487,22.44798449
kml_1252,0.087981997,113.9938968,22.44847797
kml_1253,0.015156089,114.0181018,22.44814679
kml_1254,0.02794976,114.003566,22.4480372
kml_1255,0.002652667,114.0035476,22.44817113
kml_1256,0.002383632,114.00351,22.44818798
kml_1257,0.003103077,114.0035284,22.44817878
kml_1258,0.090832931,114.0186045,22.44846983
kml_1259,0.010057772,114.0035114,22.44821911
kml_1260,0.257264739,114.0216908,22.44937479
kml_1261,0.087969497,114.0031815,22.44895491
kml_1262,0.035722879,114.0056901,22.44885919
kml_1263,0.075000851,114.0299249,22.44898116
kml_1264,0.243317366,114.0199957,22.44917016
kml_1265,0.126719277,114.0311901,22.44939624
kml_1266,0.134042087,113.9997212,22.44967085
kml_1267,0.11077243,113.9987563,22.44943974
kml_1268,0.117436176,114.0025683,22.45002093
kml_1269,0.017586576,113.99886,22.44984572
kml_1270,0.018048674,113.9989235,22.44986947
kml_1271,0.167495156,113.998407,22.45073622
kml_1272,0.100379206,114.029946,22.45053705
kml_1273,0.025012189,114.0317407,22.45013376
kml_1274,0.007280463,114.031746,22.45020626
kml_1275,0.130391804,114.0318945,22.45045947
kml_1276,0.140124849,114.0014061,22.45049334
kml_1277,0.0347681,114.007449,22.45075949
kml_1278,0.382434367,113.9483533,22.36790462
kml_1279,1.118263826,113.9544893,22.372509
kml_1280,0.329067411,113.9660713,22.37516177
kml_1281,0.234638085,113.9592917,22.37538432
kml_1282,0.31821269,113.9619188,22.37794113
kml_1283,0.132993521,113.9661415,22.37806782
kml_1284,0.196965435,113.9640797,22.37894613
kml_1285,0.251587874,113.9674517,22.37806482
kml_1286,0.116943061,113.9684737,22.37887736
kml_1287,0.184310985,113.967031,22.37842226
kml_1288,0.007802682,113.9675762,22.37914127
kml_1289,0.023289221,113.9676795,22.37907677
kml_1290,0.12106668,113.9673032,22.37976382
kml_1291,0.326848005,113.9681183,22.38089815
kml_1292,0.036766666,113.9704234,22.38023366
kml_1293,0.02968215,113.9670503,22.3802163
kml_1294,0.024017979,113.9670863,22.38022919
kml_1295,0.791035686,113.967571,22.38389776
kml_1296,0.050670473,113.9706888,22.38036594
kml_1297,0.072486609,113.9706468,22.3802208
kml_1298,0.042537358,113.9711664,22.38042948
kml_1299,0.231573247,113.972338,22.38091759
kml_1300,0.202047781,113.9744285,22.38179806
kml_1301,0.934810441,113.9709232,22.38998876
kml_1302,0.129921493,113.9666771,22.38801189
kml_1303,0.027467157,113.9663816,22.38860275
kml_1304,0.341618034,113.9672168,22.39107186
kml_1305,0.13868937,113.9674056,22.39332916
kml_1306,0.284689335,113.9725717,22.39526371
kml_1307,0.14024398,113.9673711,22.39502317
kml_1308,0.120261321,113.9672127,22.39736095
kml_1309,0.334326419,113.9736396,22.39861715
kml_1310,0.117962139,113.967192,22.39864031
kml_1311,0.10639402,113.9674895,22.40029577
kml_1312,0.144689961,113.9747832,22.40042617
kml_1313,0.008050332,113.975332,22.40108578
kml_1314,0.010389042,113.9752888,22.40110984
kml_1315,0.383462038,113.9674835,22.40232468
kml_1316,0.221225265,113.9755035,22.40198528
kml_1317,0.485466088,113.9765765,22.40567662
kml_1318,0.573088219,113.9778676,22.40669861
kml_1319,0.164008495,113.9661534,22.40491234
kml_1320,0.107063393,113.9669401,22.40539333
kml_1321,0.221841833,113.9702642,22.40544722
kml_1322,0.244887275,113.9638222,22.40573773
kml_1323,0.179807425,113.973947,22.40544736
kml_1324,0.13939195,113.9672346,22.40678906
kml_1325,0.104185997,113.9746189,22.4071797
kml_1326,0.084151779,113.9644127,22.40713361
kml_1327,0.124258549,113.9670156,22.40661424
kml_1328,0.052881009,113.9666363,22.40738109
kml_1329,0.115190283,113.9655925,22.40757882
kml_1330,0.176545161,113.9774013,22.40844796
kml_1331,0.000300548,113.9783088,22.40775796
kml_1332,0.458301572,113.9791436,22.40978124
kml_1333,0.197636802,113.9670374,22.40933946
kml_1334,0.064424681,113.9809752,22.41151443
kml_1335,0.174824539,113.9818994,22.41199348
kml_1336,0.066272152,113.9800784,22.41224065
kml_1337,0.138889959,113.9822554,22.41395635
kml_1338,0.151304261,113.980097,22.41504863
kml_1339,0.003381667,113.9823299,22.41445031
kml_1340,0.044806489,113.9822949,22.41462931
kml_1341,0.378415339,113.9759623,22.41393608
kml_1342,0.230314044,113.9774004,22.41593505
kml_1343,0.033755806,113.9822279,22.4150498
kml_1344,0.305177122,113.9799832,22.41382205
kml_1345,0.00474528,113.980449,22.41512298
kml_1346,0.073324901,113.9819202,22.41533516
kml_1347,0.336518239,113.9810997,22.4164602
kml_1348,0.104480494,113.9793187,22.41545359
kml_1349,0.082818074,113.9794069,22.4156753
kml_1350,0.34128622,113.9819643,22.41644061
kml_1352,0.483894604,113.9820539,22.41908068
kml_1353,0.027215142,113.9819258,22.41845511
kml_1354,0.112648718,113.98441,22.42169931
kml_1355,0.327101052,113.9862344,22.42358624
kml_1356,0.232622823,113.9869497,22.4237571
kml_1357,0.262054841,113.9881774,22.42565037
kml_1358,0.161564847,113.9896011,22.42715622
kml_1359,0.15922429,113.9906594,22.42829446
kml_1360,0.03802108,113.9915699,22.42872318
kml_1361,0.225598945,113.9919942,22.42959992
kml_1362,0.429333017,113.9963952,22.43136882
kml_1363,0.124700427,114.0385924,22.4446705
kml_1364,0.046514094,114.0434213,22.44414327
kml_1365,0.157961883,114.044131,22.44433292
kml_1366,0.041722319,114.0447239,22.44395055
kml_1367,0.101521774,114.0504057,22.45044193
kml_1368,0.050502036,113.9803531,22.4116029
kml_1369,0.078992589,113.9876598,22.42457168
kml_1370,0.127110889,113.9887931,22.42578079
kml_1371,0.126570285,113.9897697,22.42682104
kml_1372,0.068255984,113.9672649,22.39648011
kml_1373,0.095403921,113.967517,22.41063951
kml_1374,0.098662871,114.0027442,22.46190347
kml_1375,0.04790165,114.0001153,22.45399683
kml_1376,0.042860093,114.0001152,22.45380041
kml_1377,0.081661608,113.9983724,22.45200789
kml_1378,0.083730119,113.9971092,22.45369784
kml_1379,0.034452785,113.9966291,22.45338639
kml_1380,0.036489241,113.9992562,22.47146904
kml_1381,0.057464447,114.0031539,22.46636541
kml_1382,0.030908999,114.0024209,22.43682523
kml_1383,0.010276371,114.000572,22.43594664
kml_1384,0.141510279,113.9908986,22.42802754
kml_1385,0.03721727,113.996381,22.43299558
kml_1386,0.177786031,113.9990693,22.43486948
kml_1387,0.068490797,114.0665814,22.43496308
kml_1388,0.158698321,113.9977741,22.47118778
kml_1389,0.080719002,113.9974061,22.47040403
kml_1390,0.031053069,114.0295736,22.43704745
kml_1391,0.020804788,114.0001466,22.43565591
kml_1392,0.330329521,113.978826,22.41001663
kml_1393,0.010225044,113.9989088,22.44977063
kml_1394,0.186612894,114.013876,22.43778916
kml_1395,0.306992234,113.9677042,22.40511528
kml_1396,0.052451174,114.0071095,22.45158309
kml_1397,0.589444096,114.0480873,22.45662809
kml_1398,0.095812664,114.0468928,22.45991625
kml_1399,0.001989074,114.0661805,22.4424632
kml_1400,0.002077916,114.0661725,22.44247496
kml_1401,0.001820736,113.9785448,22.40882435
kml_1402,0.012002748,113.9704101,22.38036297
kml_1403,0.00562274,113.9703551,22.38039228
kml_1404,0.06364385,114.0047658,22.45858231
kml_1405,0.076081833,114.0037873,22.4574926
kml_1406,0.186108447,113.9670324,22.38717877
kml_1407,0.0888051,113.9747858,22.406029
kml_1408,0.030223543,113.9952267,22.45736988
kml_1409,0.002478383,114.04705,22.4593715
kml_1410,0.137874905,114.0053589,22.46596408
kml_1411,0.118394651,113.997819,22.46913892
kml_1412,0.098810094,113.9987169,22.45177633
kml_1413,0.081407371,114.0489869,22.45438563
kml_1414,0.3834083,113.9961012,22.45440932
kml_1415,0.026903694,113.9945086,22.45711823
kml_1416,0.01812937,114.0285606,22.45081751
kml_1417,0.151634623,114.027691,22.45144126
kml_1418,0.00252353,114.0285493,22.45090506
kml_1419,0.124105093,114.0266983,22.45111389
kml_1420,0.069394506,113.9989817,22.44064451
kml_1421,0.068011049,114.0108037,22.4423882
kml_1422,0.244486205,114.0124379,22.44308969
kml_1423,0.219799152,114.0460246,22.44424219
kml_1424,0.039897096,114.0430384,22.44446952
kml_1425,0.195229389,114.0412585,22.44453053
kml_1426,0.165075433,114.039655,22.44452719
kml_1427,0.103734521,114.0367908,22.44457005
kml_1428,0.308948991,114.0341355,22.44475834
kml_1429,0.121507987,114.0320644,22.44599267
kml_1430,0.088754194,114.0312076,22.44665039
kml_1431,0.085361681,114.0210583,22.44735066
kml_1432,0.048776238,114.0220341,22.44790374
kml_1433,0.423423607,114.0243934,22.45211447
kml_1434,0.086952758,114.0293703,22.44981055
kml_1435,0.114109531,114.0291242,22.45044067
kml_1436,0.050744724,114.0293659,22.44934125
kml_1437,0.124700427,114.0385924,22.4446705
kml_1438,0.157961883,114.044131,22.44433292
kml_1439,0.055843609,113.9947746,22.45663365
kml_1440,0.066873126,113.9937968,22.4611788
kml_1441,0.146054116,113.9937113,22.4616245
kml_1442,0.290274511,113.99198,22.46121701
kml_1443,0.055687431,114.0273683,22.45199993
kml_1444,0.07824393,114.0264093,22.45090804
kml_1445,0.293094602,114.0253506,22.44896162
kml_1446,0.015407438,114.0263029,22.4506282
kml_1447,0.038142661,114.0217899,22.44794425
kml_1448,0.016705716,113.9990815,22.44104078
kml_1449,0.043367119,113.9950434,22.45788913
kml_1450,0.02548871,114.0028376,22.46979615
kml_1451,0.005542648,113.999149,22.47143101
kml_1452,0.067230597,113.9946959,22.46141386
kml_1453,0.011660336,114.0052917,22.46599423
kml_1454,0.057562322,114.0376719,22.44416764
kml_1455,0.176981866,113.9698426,22.37969093
kml_1456,0.04195726,113.9664762,22.37649567
kml_1457,0.13538587,113.9686945,22.38681441
kml_1458,0.016981365,113.9968011,22.43282447
kml_1459,0.116334749,113.9928369,22.42973251
kml_1460,0.010815547,113.998833,22.44972892
kml_1462,0.012366589,114.0303334,22.4487267
kml_1463,0.011394521,114.0296748,22.4491732
kml_1464,0.005899476,113.9948264,22.4564964
kml_1465,0.019408933,113.9966606,22.46168465
kml_1466,0.020894469,114.0056897,22.46198575
kml_1467,0.031923384,113.9978815,22.464924
kml_1469,0.008300788,113.9991979,22.45607854
kml_1470,0.038812267,114.0034359,22.46809604
kml_1471,0.010158792,114.0025085,22.46929086
kml_1472,0.006588793,114.0027064,22.4686672
kml_1473,0.010269337,114.0010021,22.46982819
kml_1474,0.024907622,113.9999626,22.46178721
kml_1475,0.007988023,114.0003835,22.45388533
kml_1476,0.030061236,113.9897981,22.46052504
kml_1477,0.063255166,113.992432,22.45573217
kml_1478,0.013747494,113.9927225,22.45552495
kml_1479,0.02331118,113.9929391,22.45536372
kml_1480,0.012071286,113.9931163,22.45523009
kml_1481,0.02191186,113.9933068,22.45506908
kml_1482,0.030273413,113.9935804,22.4547874
kml_1483,0.052308195,113.9938585,22.45441045
kml_1484,0.037079776,113.9906374,22.45845734
kml_1485,0.022975716,113.9908349,22.45814861
kml_1486,0.029736495,113.9914398,22.45707649
kml_1487,0.121169042,113.9952817,22.46606467
kml_1488,0.00773291,113.9943583,22.45739284
kml_1489,0.008206669,114.0008551,22.45318071
kml_1490,0.007281704,114.0011086,22.45269878
kml_1491,0.014943724,114.0013849,22.45220939
kml_1492,0.068168464,114.1110741,22.5111256
kml_1493,0.068165031,114.1125587,22.51297008
kml_1494,0.28251446,114.0466514,22.46063633
kml_1495,0.209329321,114.0450935,22.46506627
kml_1496,0.133502635,114.0460372,22.46596347
kml_1497,0.322749387,114.0471491,22.46722895
kml_1498,0.059256394,114.0487093,22.46917462
kml_1499,0.722232894,114.0512133,22.4760576
kml_1500,0.477018096,114.0556412,22.4799264
kml_1501,0.041193539,114.0574783,22.48013132
kml_1502,0.038663243,114.0577897,22.48037623
kml_1503,0.100763601,114.0579341,22.48112838
kml_1504,0.106736109,114.0581468,22.48226576
kml_1505,0.007893196,114.0581729,22.48250753
kml_1506,0.040245343,114.0580122,22.48257752
kml_1507,0.072946121,114.0581311,22.48328682
kml_1508,0.178214692,114.0582467,22.48509655
kml_1509,0.372583623,114.0585944,22.48726405
kml_1510,0.098999238,114.0595881,22.48937266
kml_1511,0.121030105,114.0610675,22.49109354
kml_1512,0.852387303,114.06508,22.49208414
kml_1513,0.017803257,114.0692161,22.49291779
kml_1514,0.028288021,114.0694611,22.49322115
kml_1515,0.400436227,114.0706304,22.49441968
kml_1516,0.827290555,114.0762949,22.49626018
kml_1517,0.257720836,114.0798673,22.50048812
kml_1518,0.088359467,114.0803929,22.50190177
kml_1519,0.036020157,114.0829408,22.50286383
kml_1520,0.1751108,114.0886805,22.50439753
kml_1521,0.309129533,114.0454485,22.46297378
kml_1522,0.137228792,114.0817842,22.50242725
kml_1523,0.40225598,114.085472,22.50376586
kml_1524,0.010642543,114.0811018,22.50260866
kml_1525,0.421511649,114.0502112,22.47175332
kml_1526,0.054038766,114.0826452,22.50272261
kml_1527,0.075386481,114.0834311,22.50307635
kml_1528,0.029936068,114.0603134,22.49035954
kml_1529,0.014229703,114.0603963,22.49054117
kml_1530,0.021448318,114.060522,22.49070354
kml_A1,0.207581266,114.2139784,22.4232623
kml_A2,0.070785549,113.9383696,22.28883103
kml_A3,0.032180967,113.9383259,22.28848501
kml_A4,0.020230355,113.9381173,22.28850407
kml_A5,0.11103819,113.9371352,22.28886297
kml_A6,0.073833912,113.9385975,22.28860852
kml_A7,0.157588914,113.9424318,22.2848232
kml_A8,0.162333832,113.9400404,22.28060196
kml_A10,0.1337242,113.9342658,22.27917356
kml_A11,0.070417331,113.9347095,22.27892442
kml_A12,0.144075254,113.9344176,22.2785119
kml_A13,0.258023999,114.2139633,22.41781344
kml_A14,0.23675269,113.9421805,22.29350925
kml_A15,0.159770074,113.9385196,22.29144203
kml_A16,0.13291625,113.937314,22.29083964
kml_A17,0.032846894,114.258691,22.32569453
kml_A18,0.028926406,114.260338,22.32281304
kml_A19,0.032434416,114.2606959,22.32278848
kml_A20,0.037018935,114.2609949,22.31700169
kml_A21,0.047751879,114.2621833,22.31843863
kml_A22,0.038184757,114.2514621,22.32615703
kml_A23,0.01372927,114.2515104,22.32601823
kml_A24,0.010441294,114.2515547,22.32605079
kml_A25,0.032747054,114.2544227,22.32261317
kml_A26,0.00801737,114.25453,22.32283015
kml_A27,0.028652968,114.2547654,22.32269244
kml_A28,0.022137548,114.2544081,22.32289868
kml_A29,0.0290669,114.2562843,22.32017831
kml_A30,0.020610466,114.2561435,22.32054859
kml_A31,0.030768697,114.2655394,22.31888792
kml_A32,0.032443048,114.2610692,22.3152419
kml_A33,0.027633921,114.264158,22.31310162
kml_A34,0.022511834,114.2588964,22.31534774
kml_A35,0.053412743,114.2587412,22.31450046
kml_A36,0.031012717,114.2563343,22.30969663
kml_A37,0.053320567,114.2557701,22.3090149
kml_A38,0.036482377,114.2641569,22.30866619
kml_A39,0.038795274,114.2639856,22.3079128
kml_A40,0.10750388,114.2641867,22.30752003
kml_A41,0.038531155,114.265823,22.3191099
kml_A42,0.023635962,114.2673486,22.31391341
kml_A43,0.029741507,114.2683598,22.31805027
kml_A44,0.036169685,114.2557085,22.30725152
kml_A45,0.064810761,114.1863198,22.3770912
kml_A46,0.03602417,114.1869752,22.37727209
kml_A47,0.006747265,114.1867931,22.37735298
kml_A48,0.081405464,114.1914451,22.37774919
kml_A49,0.278669214,114.1936981,22.38096599
kml_A50,0.046736159,114.1924373,22.38200924
kml_A51,0.024171781,114.1925471,22.3818739
kml_A52,0.203497089,114.1919933,22.38257504
kml_A53,0.099057356,114.1899776,22.38468992
kml_A54,0.162838471,114.1886559,22.38542233
kml_A55,0.14159512,114.1964957,22.39117751
kml_A56,0.094182012,114.1973191,22.39353441
kml_A57,0.153125426,114.1972846,22.3933883
kml_A58,0.098261152,114.2004281,22.38668317
kml_A59,0.090547536,114.1997799,22.3868298
kml_A60,0.159077428,114.1796204,22.37737572
kml_A61,0.206106554,114.1774777,22.37695998
kml_A62,0.047148896,114.1815511,22.37276719
kml_A63,0.051191376,114.181217,22.37280689
kml_A64,0.034178937,114.181555,22.37302905
kml_A65,0.046609429,114.181775,22.37299843
kml_A66,0.018866665,114.1817647,22.37316749
kml_A67,0.064882288,114.1817155,22.37345467
kml_A68,0.016869558,114.1819068,22.37325953
kml_A69,0.053979842,114.1840032,22.37468418
kml_A70,0.039205625,114.1846263,22.37503424
kml_A71,0.100536941,114.1872036,22.37554547
kml_A72,0.060703994,114.1877594,22.3760065
kml_A73,0.042076948,114.1880491,22.37567864
kml_A74,0.235470637,114.1889326,22.37479731
kml_A75,0.061257704,114.188387,22.3755998
kml_A76,0.078260492,114.1847632,22.37429219
kml_A77,0.128074178,114.1855739,22.37397553
kml_A78,0.121220165,114.1848271,22.37461603
kml_A79,0.136784224,114.1968483,22.37897069
kml_A80,0.071030038,114.1962866,22.3790231
kml_A81,0.060585088,114.1962782,22.37864052
kml_A82,0.118476087,114.2096629,22.38302401
kml_A83,0.05680134,114.2101588,22.38348161
kml_A84,0.039342421,114.2098042,22.3838037
kml_A85,0.232043819,114.2076488,22.38597008
kml_A86,0.149920586,114.206469,22.38586551
kml_A87,0.243036899,114.2038469,22.38984847
kml_A88,0.110178284,114.2252707,22.41526694
kml_A89,0.074664117,114.2255808,22.41578061
kml_A90,0.029551907,114.2250745,22.41574903
kml_A91,0.098096352,114.2246687,22.41549978
kml_A92,0.070021087,114.2248029,22.41613929
kml_A93,0.242061765,114.2245609,22.40893384
kml_A94,0.10589898,114.2290045,22.4235671
kml_A95,0.206214268,114.2276,22.41378353
kml_A96,0.066083145,114.2420031,22.42810032
kml_A97,0.056435836,114.2419099,22.42836758
kml_A98,0.038521743,114.2418457,22.42818219
kml_A99,0.045256992,114.2423264,22.4295149
kml_A100,0.157255531,114.2342002,22.42585874
kml_A101,0.167030732,114.2350775,22.42538892
kml_A102,0.039637874,114.2340751,22.42521546
kml_A103,0.060262404,114.2340419,22.42495408
kml_A104,0.082615319,114.2338045,22.42518169
kml_A105,0.14483322,114.1792978,22.37220029
kml_A106,0.133990643,114.1793889,22.37155322
kml_A107,0.098864453,114.1789295,22.37093279
kml_A108,0.032341683,114.1784614,22.37149067
kml_A109,0.244732301,114.1777757,22.37121003
kml_A110,0.050638447,114.1745473,22.37656782
kml_A111,0.136407834,114.175218,22.37670861
kml_A112,0.031995646,114.1749922,22.37645303
kml_A113,0.125439526,114.1755159,22.36705872
kml_A114,0.056695669,114.1891344,22.38365554
kml_A115,0.020355236,114.198522,22.38832871
kml_A116,0.034914372,114.1983688,22.38825215
kml_A117,0.135244875,114.1981075,22.38881422
kml_A118,0.036136514,114.2126999,22.4033043
kml_A119,0.430282615,114.2126397,22.41459256
kml_A120,0.168026319,114.2221081,22.41294342
kml_A121,0.154424656,114.2313222,22.41676481
kml_A122,0.221550043,114.2399974,22.42678217
kml_A123,0.263230055,114.2259596,22.41891956
kml_A124,0.170003162,114.2064725,22.39206879
kml_A125,0.212162027,114.2133622,22.38307736
kml_A126,0.078008861,114.1768247,22.37414445
kml_A127,0.038778771,114.1766742,22.37374896
kml_A128,0.025351929,114.1764709,22.3738705
kml_A129,0.091177898,114.176185,22.37419487
kml_A130,0.173218082,114.2317282,22.41807079
kml_A131,0.069224337,114.2209899,22.40469745
kml_A132,0.051190015,114.2194213,22.40595117
kml_A133,0.043078364,114.2189104,22.40626289
kml_A134,0.071866828,114.2142618,22.40184912
kml_A135,0.311522602,114.1838078,22.37816668
kml_A136,0.362489201,114.1349312,22.49546829
kml_A137,0.202295354,114.1320147,22.49530852
kml_A138,0.143246884,114.1388214,22.49397714
kml_A139,0.05874959,114.1411818,22.49520466
kml_A140,0.103577607,114.141215,22.49482284
kml_A141,0.048862047,114.1406114,22.49527181
kml_A142,0.130640423,114.1452718,22.49976774
kml_A143,0.104491813,114.1442463,22.49896975
kml_A144,0.080379682,114.1269674,22.49841689
kml_A145,0.108583187,114.1269537,22.49773571
kml_A146,0.061318681,114.1271076,22.49832464
kml_A147,0.134754055,114.1274342,22.49943559
kml_A148,0.079987614,114.1273714,22.49967254
kml_A149,0.238493647,114.1292456,22.50032525
kml_A150,0.206459476,114.1272416,22.49725129
kml_A151,0.349175323,114.1242281,22.50438652
kml_A152,0.02600427,114.1247574,22.50531144
kml_A153,0.042667203,114.1457293,22.48586987
kml_A154,0.053168809,114.1453881,22.48610997
kml_A155,0.149812038,114.1459037,22.48647298
kml_A156,0.069772045,114.1380291,22.49175558
kml_A157,0.061245121,114.1444461,22.49261992
kml_A158,0.090765829,114.1449994,22.49198443
kml_A159,0.050378762,114.1272608,22.50758401
kml_A160,0.094612189,114.1267789,22.50735855
kml_A161,0.079955303,114.1263991,22.50771889
kml_A162,0.100833641,114.129639,22.50527415
kml_A163,0.078211712,114.1348655,22.50072959
kml_A164,0.040944643,114.1347887,22.50030405
kml_A165,0.120950751,114.1340606,22.50099862
kml_A166,0.093661706,114.1239029,22.50332686
kml_A167,0.042836484,114.123346,22.50094348
kml_A168,0.154321995,114.1227275,22.50063684
kml_A169,0.218593835,114.1240346,22.50056867
kml_A170,0.080809513,114.1236836,22.49964304
kml_A171,0.129962929,114.1247194,22.49944224
kml_A172,0.056791223,114.133583,22.49195066
kml_A173,0.057445823,114.1339413,22.49158634
kml_A174,0.108371483,114.1334217,22.49142734
kml_A175,0.219362719,114.1330254,22.50182123
kml_A176,0.053319975,114.1640271,22.45441326
kml_A177,0.076053607,114.1658621,22.45528487
kml_A178,0.046295435,114.1661892,22.45545645
kml_A179,0.107719236,114.1777777,22.45624867
kml_A180,0.081659261,114.1772301,22.45669286
kml_A181,0.02316561,114.1771052,22.45698513
kml_A182,0.070371614,114.1773143,22.45719627
kml_A183,0.00929905,114.1774695,22.4558502
kml_A184,0.058410117,114.1773379,22.45600796
kml_A185,0.185870766,114.1718905,22.45620327
kml_A186,0.026185656,114.1866741,22.45278781
kml_A187,0.048506371,114.1694704,22.44316124
kml_A188,0.255097043,114.1705451,22.44359204
kml_A189,0.066174455,114.1727492,22.45090739
kml_A190,0.024941459,114.1720671,22.45151381
kml_A191,0.095670501,114.1716201,22.44861124
kml_A192,0.014405317,114.1720968,22.44855161
kml_A193,0.066440789,114.1721353,22.44848906
kml_A194,0.07074925,114.1720159,22.44896839
kml_A195,0.050089293,114.1620329,22.45267503
kml_A196,0.028623161,114.1616952,22.45284103
kml_A197,0.038774171,114.161941,22.45299807
kml_A198,0.053458575,114.1616392,22.45322192
kml_A199,0.049007821,114.1620939,22.45313841
kml_A200,0.074016761,114.1724888,22.45379797
kml_A201,0.048138844,114.1723768,22.45430005
kml_A202,0.079192782,114.1720414,22.45435997
kml_A203,0.106188301,114.1722608,22.45513862
kml_A204,0.037429145,114.1770276,22.4511996
kml_A205,0.03336368,114.1757092,22.45107595
kml_A206,0.095364409,114.1675445,22.45153247
kml_A207,0.02976989,114.1722369,22.4477473
kml_A208,0.026932864,114.1722643,22.44749413
kml_A209,0.111540105,114.1718915,22.44739974
kml_A210,0.032694456,114.171891,22.44679216
kml_A211,0.06201422,114.1715876,22.44693622
kml_A212,0.113387691,114.1659699,22.4509822
kml_A213,0.06768364,114.1723135,22.44680344
kml_A214,0.080764153,114.1919378,22.46150108
kml_A215,0.017023071,114.2053852,22.46187895
kml_A216,0.018731404,114.1468172,22.45987023
kml_A217,0.01814972,114.147267,22.46016812
kml_A218,0.139529054,114.1482502,22.46109341
kml_A219,0.003900183,114.1478799,22.46140639
kml_A220,0.147436509,114.1483819,22.461896
kml_A221,0.129833536,114.264969,22.30572953
kml_A222,0.127423562,114.2659857,22.30466607
kml_A223,0.129009746,114.1761374,22.45126033
kml_A224,0.213343718,114.1771173,22.45197856
kml_A225,0.225051016,114.2148061,22.3827231
kml_A226,0.263718341,114.2129123,22.38078624
kml_A227,0.100254345,114.1961183,22.3828067
kml_A228,0.123299828,113.9399242,22.28142834
kml_A229,0.026015731,114.1695279,22.44292864
kml_A230,0.060018029,114.1691228,22.44302408
kml_A231,0.001629625,114.1721098,22.44848062
kml_A232,0.001104284,114.1774216,22.45583151
kml_A233,0.017193985,114.1771354,22.45633528
kml_A234,0.015162345,113.9384258,22.28835071
kml_A235,0.010079783,113.9424609,22.28542319
kml_A236,0.038417287,114.1940473,22.3806448
kml_A237,0.040976043,114.1307432,22.49696527
kml_A238,0.030336008,114.1448395,22.4991434
kml_A239,0.040392731,114.1721718,22.45406432
kml_A240,0.061574043,114.1718638,22.45119272
kml_A241,0.066468394,114.1728733,22.45109547
kml_A242,0.070152354,114.1723074,22.4513326
kml_A243,0.004713343,114.1719819,22.45136349
kml_A244,0.033429187,114.1726251,22.45144531
kml_A245,0.110715764,114.172036,22.45085552
kml_A246,0.013665427,114.1729719,22.45085972
kml_A247,0.059531132,114.1945158,22.38037436
kml_A248,0.132104949,114.1941392,22.38524261
kml_A249,0.037337686,114.1986476,22.38867574
kml_A250,0.024184318,114.1972416,22.39412562
kml_A251,0.127927257,114.1959437,22.39601255
kml_A252,0.132846167,114.2016439,22.40153789
kml_A253,0.177335468,114.2013904,22.40093513
kml_A254,0.023088597,114.2055143,22.39267532
kml_A255,0.042962456,114.2093117,22.39662472
kml_A256,0.2102478,114.2426039,22.42989576
kml_A257,0.260103971,114.2371479,22.42563981
kml_A258,0.222431048,114.2321578,22.41958429
kml_A259,0.076595271,114.2295821,22.41887081
kml_A260,0.032020235,114.1269348,22.50772328
kml_A261,0.053092078,114.1400877,22.49561967
kml_A262,0.029110731,114.1410227,22.49513934
kml_A263,0.006180379,114.1408537,22.49526288
kml_A264,0.059382855,114.1407715,22.49440859
kml_A265,0.037189713,114.1410383,22.49476308
kml_A266,0.006911835,114.1447306,22.49928158
kml_A267,0.003655164,114.1446861,22.49928737
kml_A268,0.076984475,114.1382071,22.49309077
kml_A269,0.013776778,114.1386202,22.49352102
kml_A270,0.011215106,114.13158,22.49558677
kml_A271,0.004939359,114.1278756,22.49751418
kml_A273,0.035552666,114.1276739,22.50004315
kml_A274,0.070245023,114.1229779,22.50343466
kml_A275,0.004691824,114.2586102,22.31484186
kml_A276,0.006808137,114.25619,22.32047072
kml_A277,0.00150841,114.1443287,22.49278322
kml_A278,0.026000101,114.1445852,22.49226046
kml_A279,0.053329799,114.1448716,22.49249899
kml_A280,0.029965288,114.1453719,22.49165178
kml_A281,0.253520738,114.142702,22.48900261
kml_A282,0.019948334,114.1456069,22.48606679
kml_A283,0.255502754,114.1467601,22.48721759
kml_A284,0.0682007,114.194724,22.38476789
kml_A285,0.021947317,114.1743233,22.37661474
kml_A286,0.046134277,114.1876607,22.37563967
kml_A287,0.007905043,114.1878723,22.37578326
kml_A288,0.039217304,114.1867228,22.37732099
kml_A289,0.057649008,114.1884869,22.38308003
kml_A290,0.044892716,114.188807,22.38336644
kml_A291,0.023012643,114.1880093,22.38505082
kml_A292,0.006272749,114.1881051,22.38514802
kml_A293,0.001428789,114.1960174,22.38301568
kml_A294,0.048163692,114.2146579,22.40225792
kml_A295,0.021192796,114.2145126,22.40209566
kml_A296,0.16045674,114.2105391,22.41372992
kml_A297,0.126283801,114.2112867,22.41424295
kml_A298,0.245758063,114.2113402,22.38189168
kml_A299,0.076220066,114.1186578,22.50585195
kml_A300,0.025600981,114.0166542,22.44465428
kml_A301,0.014802107,114.0171045,22.44516786
kml_A302,0.193867818,114.0395204,22.44436206
kml_A303,0.051945316,114.047326,22.44450365
kml_A304,0.019744888,114.0476259,22.4445974
kml_A305,0.115393525,114.0479422,22.44502046
kml_A306,0.135420851,114.0479418,22.44405489
kml_A307,0.088526329,114.0484257,22.4442931
kml_A308,0.07187992,114.0659872,22.44249131
kml_A309,0.028930465,114.0661631,22.44232527
kml_A310,0.016710402,113.9664258,22.38726245
kml_A311,0.0229989,113.9665879,22.38848393
kml_A312,0.10108707,113.9662611,22.38886593
kml_A313,0.263307231,113.967137,22.4065568
kml_A314,0.188346849,113.9725785,22.40550557
kml_A315,0.105106644,113.9674498,22.37823018
kml_A316,0.141660412,113.9629677,22.37870331
kml_A317,0.208853302,113.9700534,22.37992223
kml_A318,0.107324789,114.0057904,22.46573508
kml_A319,0.149970813,114.0056899,22.46660204
kml_A320,0.130530595,114.0047015,22.46631624
kml_A321,0.378224562,114.003621,22.46563973
kml_A322,0.139987539,114.0021473,22.46192951
kml_A323,0.14555944,114.0014704,22.46254576
kml_A324,0.089019277,114.0010362,22.46186801
kml_A325,0.040308977,113.9931983,22.46138644
kml_A326,0.04617342,113.9939259,22.46185867
kml_A327,0.174198065,114.0038414,22.46754955
kml_A328,0.056062248,114.003358,22.46692116
kml_A329,0.060795387,114.0021444,22.46474698
kml_A330,0.182068231,113.9987787,22.46660531
kml_A331,0.09604042,113.9981625,22.46547016
kml_A332,0.140567598,113.9977842,22.4660679
kml_A333,0.153470456,114.0044878,22.45827056
kml_A334,0.073971471,114.003781,22.45748513
kml_A335,0.182786364,113.9996004,22.46843621
kml_A336,0.327767646,113.978253,22.40896144
kml_A337,0.114448579,113.9665827,22.37718189
kml_A338,0.054580392,113.9975512,22.44627437
kml_A339,0.026046094,113.9941042,22.45699448
